,Price,Carrier,Direct,Destination,Flight Date,Distance in miles
0,800.0,Alaska Airlines,False,Frankfurt,2019-12-17,5791.351450988248
1,1791.0,Air New Zealand,True,Frankfurt,2019-12-17,5791.351450988248
2,492.0,Alaska Airlines,False,Frankfurt,2019-12-24,5791.351450988248
3,1000.0,Air New Zealand,True,Frankfurt,2019-12-31,5791.351450988248
4,389.0,Norwegian,False,Frankfurt,2019-12-31,5791.351450988248
5,1000.0,Air New Zealand,True,Frankfurt,2020-01-07,5791.351450988248
6,383.0,Norwegian,False,Frankfurt,2020-01-07,5791.351450988248
7,908.0,Lufthansa,True,Frankfurt,2020-01-14,5791.351450988248
8,225.0,Norwegian,False,Frankfurt,2020-01-14,5791.351450988248
9,998.0,Air New Zealand,True,Frankfurt,2020-01-21,5791.351450988248
10,245.0,Condor,False,Frankfurt,2020-01-28,5791.351450988248
11,3050.0,United,True,Frankfurt,2020-01-28,5791.351450988248
12,993.0,Air New Zealand,True,Frankfurt,2020-02-04,5791.351450988248
13,212.0,Norwegian,False,Frankfurt,2020-02-04,5791.351450988248
14,215.0,Norwegian,False,Frankfurt,2020-02-11,5791.351450988248
15,3050.0,United,True,Frankfurt,2020-02-11,5791.351450988248
16,196.0,Norwegian,False,Frankfurt,2020-02-18,5791.351450988248
17,932.0,Lufthansa,True,Frankfurt,2020-02-18,5791.351450988248
18,215.0,Norwegian,False,Frankfurt,2020-02-25,5791.351450988248
19,931.0,Lufthansa,True,Frankfurt,2020-02-25,5791.351450988248
20,226.0,Norwegian,False,Frankfurt,2020-03-03,5791.351450988248
21,245.0,Condor,False,Frankfurt,2020-03-10,5791.351450988248
22,226.0,Norwegian,False,Frankfurt,2020-03-17,5791.351450988248
23,1001.0,Air New Zealand,True,Frankfurt,2020-03-17,5791.351450988248
24,932.0,Lufthansa,True,Frankfurt,2020-03-24,5791.351450988248
25,221.0,Norwegian,False,Frankfurt,2020-03-24,5791.351450988248
26,224.0,Norwegian,False,Frankfurt,2020-03-31,5791.351450988248
27,1037.0,Lufthansa,True,Frankfurt,2020-03-31,5791.351450988248
28,297.0,Norwegian,False,Frankfurt,2020-04-07,5791.351450988248
29,1114.0,Air New Zealand,True,Frankfurt,2020-04-07,5791.351450988248
30,1111.0,Air New Zealand,True,Frankfurt,2020-04-14,5791.351450988248
31,361.0,Norwegian,False,Frankfurt,2020-04-14,5791.351450988248
32,522.0,Condor,False,Frankfurt,2020-04-21,5791.351450988248
33,3061.0,United,True,Frankfurt,2020-04-21,5791.351450988248
34,284.0,Norwegian,False,Frankfurt,2020-05-05,5791.351450988248
35,1037.0,Lufthansa,True,Frankfurt,2020-05-12,5791.351450988248
36,271.0,Norwegian,False,Frankfurt,2020-05-12,5791.351450988248
37,468.0,Singapore Airlines,False,Frankfurt,2020-05-26,5791.351450988248
38,3011.0,Lufthansa,True,Frankfurt,2020-05-26,5791.351450988248
39,1536.0,Air New Zealand,True,Frankfurt,2020-06-02,5791.351450988248
40,388.0,Norwegian,False,Frankfurt,2020-06-02,5791.351450988248
41,3027.0,Lufthansa,True,Frankfurt,2020-06-09,5791.351450988248
42,476.0,Singapore Airlines,False,Frankfurt,2020-06-09,5791.351450988248
43,1460.0,Lufthansa,True,Frankfurt,2020-06-16,5791.351450988248
44,426.0,Norwegian,False,Frankfurt,2020-06-16,5791.351450988248
45,374.0,Norwegian,False,Frankfurt,2020-06-23,5791.351450988248
46,1523.0,Lufthansa,True,Frankfurt,2020-06-23,5791.351450988248
47,567.0,Condor,False,Frankfurt,2020-07-14,5791.351450988248
48,3059.0,United,True,Frankfurt,2020-07-14,5791.351450988248
49,364.0,Norwegian,False,Frankfurt,2020-07-21,5791.351450988248
50,1107.0,Air New Zealand,True,Frankfurt,2020-07-21,5791.351450988248
51,346.0,Norwegian,False,Frankfurt,2020-08-18,5791.351450988248
52,3057.0,United,True,Frankfurt,2020-08-18,5791.351450988248
53,3059.0,United,True,Frankfurt,2020-08-25,5791.351450988248
54,578.0,Condor,False,Frankfurt,2020-08-25,5791.351450988248
55,328.0,Norwegian,False,Frankfurt,2020-09-01,5791.351450988248
56,3059.0,United,True,Frankfurt,2020-09-01,5791.351450988248
57,3057.0,United,True,Frankfurt,2020-09-08,5791.351450988248
58,294.0,Norwegian,False,Frankfurt,2020-09-08,5791.351450988248
59,3057.0,United,True,Frankfurt,2020-10-06,5791.351450988248
60,775.0,Turkish Airlines,False,Frankfurt,2020-10-06,5791.351450988248
61,774.0,Turkish Airlines,False,Frankfurt,2020-10-13,5791.351450988248
62,3057.0,United,True,Frankfurt,2020-10-13,5791.351450988248
63,3059.0,United,True,Frankfurt,2020-10-20,5791.351450988248
64,775.0,Turkish Airlines,False,Frankfurt,2020-10-20,5791.351450988248
65,775.0,Turkish Airlines,False,Frankfurt,2020-10-27,5791.351450988248
66,3059.0,United,True,Frankfurt,2020-10-27,5791.351450988248
0,727.0,Air China,False,Singapore,2019-12-17,5791.351450988248
1,575.0,British Airways,False,Singapore,2019-12-24,5791.351450988248
2,2487.0,Singapore Airlines,True,Singapore,2019-12-24,5791.351450988248
3,1269.0,Singapore Airlines,True,Singapore,2019-12-31,5791.351450988248
4,468.0,Xiamen Airlines,False,Singapore,2019-12-31,5791.351450988248
5,1269.0,Singapore Airlines,True,Singapore,2020-01-07,5791.351450988248
6,360.0,United,False,Singapore,2020-01-07,5791.351450988248
7,242.0,Xiamen Airlines,False,Singapore,2020-01-14,5791.351450988248
8,1269.0,Singapore Airlines,True,Singapore,2020-01-14,5791.351450988248
9,357.0,United,False,Singapore,2020-01-21,5791.351450988248
10,913.0,Singapore Airlines,True,Singapore,2020-01-21,5791.351450988248
11,792.0,Singapore Airlines,True,Singapore,2020-01-28,5791.351450988248
12,360.0,ANA,False,Singapore,2020-01-28,5791.351450988248
13,786.0,Singapore Airlines,True,Singapore,2020-02-04,5791.351450988248
14,358.0,Alaska Airlines,False,Singapore,2020-02-04,5791.351450988248
15,361.0,United,False,Singapore,2020-02-11,5791.351450988248
16,242.0,Xiamen Airlines,False,Singapore,2020-02-18,5791.351450988248
17,785.0,Singapore Airlines,True,Singapore,2020-02-18,5791.351450988248
18,242.0,Xiamen Airlines,False,Singapore,2020-02-25,5791.351450988248
19,786.0,Singapore Airlines,True,Singapore,2020-02-25,5791.351450988248
20,695.0,Singapore Airlines,True,Singapore,2020-03-03,5791.351450988248
21,316.0,Air China,False,Singapore,2020-03-03,5791.351450988248
22,692.0,Singapore Airlines,True,Singapore,2020-03-10,5791.351450988248
23,242.0,Xiamen Airlines,False,Singapore,2020-03-10,5791.351450988248
24,692.0,Singapore Airlines,True,Singapore,2020-03-17,5791.351450988248
25,242.0,Xiamen Airlines,False,Singapore,2020-03-17,5791.351450988248
26,316.0,Air China,False,Singapore,2020-03-24,5791.351450988248
27,695.0,Singapore Airlines,True,Singapore,2020-03-24,5791.351450988248
28,353.0,Air China,False,Singapore,2020-03-31,5791.351450988248
29,692.0,Singapore Airlines,True,Singapore,2020-04-07,5791.351450988248
30,242.0,Xiamen Airlines,False,Singapore,2020-04-07,5791.351450988248
31,323.0,Air China,False,Singapore,2020-04-14,5791.351450988248
32,697.0,Singapore Airlines,True,Singapore,2020-04-14,5791.351450988248
33,317.0,Air China,False,Singapore,2020-04-21,5791.351450988248
34,696.0,Singapore Airlines,True,Singapore,2020-04-21,5791.351450988248
35,352.0,Air China,False,Singapore,2020-04-28,5791.351450988248
36,2250.0,Xiamen Airlines,False,Singapore,2020-05-05,5791.351450988248
37,358.0,Air New Zealand,False,Singapore,2020-05-12,5791.351450988248
38,698.0,Singapore Airlines,True,Singapore,2020-05-12,5791.351450988248
39,805.0,Singapore Airlines,True,Singapore,2020-05-19,5791.351450988248
40,426.0,ANA,False,Singapore,2020-05-19,5791.351450988248
41,357.0,Korean Air,False,Singapore,2020-05-26,5791.351450988248
42,695.0,Singapore Airlines,True,Singapore,2020-05-26,5791.351450988248
43,696.0,Singapore Airlines,True,Singapore,2020-06-09,5791.351450988248
44,358.0,Korean Air,False,Singapore,2020-06-09,5791.351450988248
45,964.0,Singapore Airlines,True,Singapore,2020-06-16,5791.351450988248
46,479.0,Japan Airlines,False,Singapore,2020-06-16,5791.351450988248
47,485.0,United,False,Singapore,2020-06-23,5791.351450988248
48,480.0,Japan Airlines,False,Singapore,2020-07-07,5791.351450988248
49,728.0,Singapore Airlines,True,Singapore,2020-07-07,5791.351450988248
0,812.0,Japan Airlines,False,Bang Phli,2019-12-17,5791.351450988248
1,568.0,China Southern,False,Bang Phli,2019-12-24,5791.351450988248
2,422.0,China Southern,False,Bang Phli,2019-12-31,5791.351450988248
3,422.0,China Southern,False,Bang Phli,2020-01-07,5791.351450988248
4,237.0,Xiamen Airlines,False,Bang Phli,2020-01-14,5791.351450988248
5,238.0,Xiamen Airlines,False,Bang Phli,2020-01-21,5791.351450988248
6,237.0,Xiamen Airlines,False,Bang Phli,2020-01-28,5791.351450988248
7,368.0,Japan Airlines,False,Bang Phli,2020-02-04,5791.351450988248
8,238.0,Xiamen Airlines,False,Bang Phli,2020-02-11,5791.351450988248
9,265.0,Xiamen Airlines,False,Bang Phli,2020-02-18,5791.351450988248
10,238.0,Xiamen Airlines,False,Bang Phli,2020-02-25,5791.351450988248
11,316.0,Air China,False,Bang Phli,2020-03-03,5791.351450988248
12,318.0,Air China,False,Bang Phli,2020-03-10,5791.351450988248
13,237.0,Xiamen Airlines,False,Bang Phli,2020-03-17,5791.351450988248
14,238.0,Xiamen Airlines,False,Bang Phli,2020-03-24,5791.351450988248
15,318.0,Air China,False,Bang Phli,2020-03-31,5791.351450988248
16,237.0,Xiamen Airlines,False,Bang Phli,2020-04-07,5791.351450988248
17,238.0,Xiamen Airlines,False,Bang Phli,2020-04-14,5791.351450988248
18,318.0,Air China,False,Bang Phli,2020-04-21,5791.351450988248
19,266.0,Xiamen Airlines,False,Bang Phli,2020-04-28,5791.351450988248
20,237.0,Xiamen Airlines,False,Bang Phli,2020-05-05,5791.351450988248
21,372.0,Japan Airlines,False,Bang Phli,2020-05-12,5791.351450988248
22,366.0,Japan Airlines,False,Bang Phli,2020-05-19,5791.351450988248
23,369.0,Japan Airlines,False,Bang Phli,2020-05-26,5791.351450988248
24,343.0,China Airlines,False,Bang Phli,2020-11-10,5791.351450988248
25,378.0,China Airlines,False,Bang Phli,2020-11-17,5791.351450988248
0,1011.0,Japan Airlines,False,Delhi,2019-12-17,5791.351450988248
1,755.0,China Southern,False,Delhi,2019-12-24,5791.351450988248
2,618.0,China Eastern,False,Delhi,2019-12-31,5791.351450988248
3,627.0,Air China,False,Delhi,2020-01-07,5791.351450988248
4,517.0,Norwegian,False,Delhi,2020-01-14,5791.351450988248
5,501.0,Norwegian,False,Delhi,2020-01-21,5791.351450988248
6,457.0,Xiamen Airlines,False,Delhi,2020-01-28,5791.351450988248
7,593.0,China Airlines,False,Delhi,2020-02-04,5791.351450988248
8,424.0,Air China,False,Delhi,2020-02-11,5791.351450988248
9,384.0,Air China,False,Delhi,2020-02-18,5791.351450988248
10,351.0,Air China,False,Delhi,2020-02-25,5791.351450988248
11,338.0,Air China,False,Delhi,2020-03-03,5791.351450988248
12,743.0,Japan Airlines,False,Delhi,2020-03-10,5791.351450988248
13,317.0,Air China,False,Delhi,2020-03-17,5791.351450988248
14,327.0,Air China,False,Delhi,2020-03-24,5791.351450988248
15,317.0,Air China,False,Delhi,2020-03-31,5791.351450988248
16,329.0,Air China,False,Delhi,2020-04-07,5791.351450988248
17,323.0,Air China,False,Delhi,2020-04-21,5791.351450988248
18,328.0,Air China,False,Delhi,2020-04-28,5791.351450988248
19,553.0,China Southern,False,Delhi,2020-05-05,5791.351450988248
20,547.0,Singapore Airlines,False,Delhi,2020-05-12,5791.351450988248
0,730.0,British Airways,False,Banten,2019-12-17,5791.351450988248
1,777.0,China Southern,False,Banten,2019-12-24,5791.351450988248
2,587.0,China Southern,False,Banten,2019-12-31,5791.351450988248
3,488.0,Xiamen Airlines,False,Banten,2020-01-07,5791.351450988248
4,363.0,Malaysia Airlines,False,Banten,2020-01-14,5791.351450988248
5,385.0,Japan Airlines,False,Banten,2020-01-21,5791.351450988248
6,264.0,Xiamen Airlines,False,Banten,2020-02-11,5791.351450988248
7,253.0,Xiamen Airlines,False,Banten,2020-02-18,5791.351450988248
8,264.0,Xiamen Airlines,False,Banten,2020-02-25,5791.351450988248
9,386.0,Japan Airlines,False,Banten,2020-03-03,5791.351450988248
10,323.0,Air China,False,Banten,2020-03-10,5791.351450988248
11,253.0,Xiamen Airlines,False,Banten,2020-03-24,5791.351450988248
12,388.0,Japan Airlines,False,Banten,2020-04-07,5791.351450988248
13,382.0,Garuda Indonesia,False,Banten,2020-04-28,5791.351450988248
14,460.0,Singapore Airlines,False,Banten,2020-05-26,5791.351450988248
15,378.0,Alaska Airlines,False,Banten,2020-06-02,5791.351450988248
16,395.0,Japan Airlines,False,Banten,2020-06-09,5791.351450988248
17,398.0,Japan Airlines,False,Banten,2020-06-23,5791.351450988248
18,397.0,Japan Airlines,False,Banten,2020-06-30,5791.351450988248
19,369.0,Garuda Indonesia,False,Banten,2020-07-14,5791.351450988248
20,398.0,Japan Airlines,False,Banten,2020-07-21,5791.351450988248
0,822.0,Xiamen Airlines,False, Selangor,2019-12-17,5791.351450988248
1,718.0,China Southern,False, Selangor,2019-12-24,5791.351450988248
2,409.0,Xiamen Airlines,False, Selangor,2019-12-31,5791.351450988248
3,350.0,Air China,False, Selangor,2020-01-07,5791.351450988248
4,271.0,Xiamen Airlines,False, Selangor,2020-01-14,5791.351450988248
5,353.0,Air China,False, Selangor,2020-01-21,5791.351450988248
6,463.0,China Airlines,False, Selangor,2020-01-28,5791.351450988248
7,456.0,Sichuan Airlines,False, Selangor,2020-02-04,5791.351450988248
8,264.0,Xiamen Airlines,False, Selangor,2020-02-11,5791.351450988248
9,265.0,Xiamen Airlines,False, Selangor,2020-02-18,5791.351450988248
10,583.0,United,False, Selangor,2020-02-25,5791.351450988248
11,323.0,Air China,False, Selangor,2020-03-03,5791.351450988248
12,329.0,Air China,False, Selangor,2020-03-10,5791.351450988248
13,236.0,Xiamen Airlines,False, Selangor,2020-03-17,5791.351450988248
14,264.0,Xiamen Airlines,False, Selangor,2020-03-24,5791.351450988248
15,489.0,Xiamen Airlines,False, Selangor,2020-03-31,5791.351450988248
16,483.0,Xiamen Airlines,False, Selangor,2020-04-07,5791.351450988248
17,1033.0,Xiamen Airlines,False, Selangor,2020-04-14,5791.351450988248
18,337.0,Air China,False, Selangor,2020-04-21,5791.351450988248
19,397.0,China Airlines,False, Selangor,2020-05-12,5791.351450988248
20,489.0,Sichuan Airlines,False, Selangor,2020-05-19,5791.351450988248
21,558.0,Japan Airlines,False, Selangor,2020-05-26,5791.351450988248
22,788.0,Xiamen Airlines,False, Selangor,2020-06-02,5791.351450988248
23,790.0,Xiamen Airlines,False, Selangor,2020-06-09,5791.351450988248
24,544.0,Japan Airlines,False, Selangor,2020-06-16,5791.351450988248
25,587.0,Xiamen Airlines,False, Selangor,2020-06-30,5791.351450988248
26,535.0,Singapore Airlines,False, Selangor,2020-07-07,5791.351450988248
27,585.0,Xiamen Airlines,False, Selangor,2020-07-14,5791.351450988248
28,587.0,Xiamen Airlines,False, Selangor,2020-07-21,5791.351450988248
29,587.0,Xiamen Airlines,False, Selangor,2020-07-28,5791.351450988248
30,396.0,China Airlines,False, Selangor,2020-08-11,5791.351450988248
31,589.0,Xiamen Airlines,False, Selangor,2020-08-18,5791.351450988248
32,484.0,Xiamen Airlines,False, Selangor,2020-09-01,5791.351450988248
33,490.0,Xiamen Airlines,False, Selangor,2020-09-08,5791.351450988248
34,488.0,Xiamen Airlines,False, Selangor,2020-09-22,5791.351450988248
35,488.0,Xiamen Airlines,False, Selangor,2020-09-22,5791.351450988248
36,487.0,Xiamen Airlines,False, Selangor,2020-10-20,5791.351450988248
37,586.0,ANA,False, Selangor,2020-11-03,5791.351450988248
38,2457.0,Xiamen Airlines,False, Selangor,2020-11-10,5791.351450988248
0,582.0,Finnair,False,Madrid,2019-12-17,5791.351450988248
1,2335.0,Iberia,True,Madrid,2019-12-17,5791.351450988248
2,1140.0,Iberia,True,Madrid,2019-12-24,5791.351450988248
3,632.0,Singapore Airlines,False,Madrid,2019-12-24,5791.351450988248
4,416.0,Finnair,True,Madrid,2019-12-31,5791.351450988248
5,370.0,Norwegian,False,Madrid,2019-12-31,5791.351450988248
6,474.0,Finnair,True,Madrid,2020-01-07,5791.351450988248
7,340.0,Finnair,False,Madrid,2020-01-07,5791.351450988248
8,241.0,Norwegian,False,Madrid,2020-01-14,5791.351450988248
9,217.0,Norwegian,False,Madrid,2020-01-21,5791.351450988248
10,195.0,Norwegian,False,Madrid,2020-01-28,5791.351450988248
11,217.0,Norwegian,False,Madrid,2020-02-04,5791.351450988248
12,217.0,Norwegian,False,Madrid,2020-02-11,5791.351450988248
13,206.0,Norwegian,False,Madrid,2020-02-18,5791.351450988248
14,417.0,Finnair,True,Madrid,2020-02-25,5791.351450988248
15,216.0,Norwegian,False,Madrid,2020-02-25,5791.351450988248
16,417.0,Finnair,True,Madrid,2020-03-03,5791.351450988248
17,216.0,Norwegian,False,Madrid,2020-03-03,5791.351450988248
18,426.0,Finnair,True,Madrid,2020-03-10,5791.351450988248
19,250.0,Norwegian,False,Madrid,2020-03-10,5791.351450988248
20,419.0,Finnair,True,Madrid,2020-03-17,5791.351450988248
21,214.0,Norwegian,False,Madrid,2020-03-17,5791.351450988248
22,238.0,Norwegian,False,Madrid,2020-03-24,5791.351450988248
23,418.0,Finnair,True,Madrid,2020-03-24,5791.351450988248
24,233.0,Norwegian,False,Madrid,2020-03-31,5791.351450988248
25,430.0,Finnair,True,Madrid,2020-03-31,5791.351450988248
26,291.0,Norwegian,False,Madrid,2020-04-07,5791.351450988248
27,540.0,Finnair,True,Madrid,2020-04-07,5791.351450988248
28,720.0,Turkish Airlines,False,Madrid,2020-11-10,5791.351450988248
29,3299.0,Iberia,True,Madrid,2020-11-10,5791.351450988248
0,795.0,Norwegian,False,Barcelona,2019-12-17,5791.351450988248
1,555.0,Norwegian,False,Barcelona,2019-12-24,5791.351450988248
2,364.0,Norwegian,False,Barcelona,2019-12-31,5791.351450988248
3,319.0,Alaska Airlines,False,Barcelona,2020-01-07,5791.351450988248
4,198.0,Norwegian,False,Barcelona,2020-01-14,5791.351450988248
5,184.0,Norwegian,False,Barcelona,2020-01-21,5791.351450988248
6,178.0,Norwegian,False,Barcelona,2020-01-28,5791.351450988248
7,184.0,Norwegian,False,Barcelona,2020-02-04,5791.351450988248
8,178.0,Norwegian,False,Barcelona,2020-02-11,5791.351450988248
9,184.0,Norwegian,False,Barcelona,2020-02-18,5791.351450988248
10,184.0,Norwegian,False,Barcelona,2020-02-25,5791.351450988248
11,185.0,Norwegian,False,Barcelona,2020-03-03,5791.351450988248
12,203.0,Norwegian,False,Barcelona,2020-03-10,5791.351450988248
13,184.0,Norwegian,False,Barcelona,2020-03-17,5791.351450988248
14,184.0,Norwegian,False,Barcelona,2020-03-24,5791.351450988248
15,167.0,Norwegian,True,Barcelona,2020-03-31,5791.351450988248
16,232.0,Norwegian,True,Barcelona,2020-04-14,5791.351450988248
17,207.0,Norwegian,True,Barcelona,2020-04-21,5791.351450988248
18,205.0,Norwegian,True,Barcelona,2020-04-28,5791.351450988248
19,232.0,Norwegian,True,Barcelona,2020-05-05,5791.351450988248
20,232.0,Norwegian,True,Barcelona,2020-05-12,5791.351450988248
21,308.0,Norwegian,False,Barcelona,2020-05-19,5791.351450988248
22,322.0,Norwegian,True,Barcelona,2020-05-19,5791.351450988248
23,269.0,Norwegian,True,Barcelona,2020-05-26,5791.351450988248
24,378.0,Norwegian,True,Barcelona,2020-06-02,5791.351450988248
25,328.0,Norwegian,False,Barcelona,2020-06-02,5791.351450988248
26,390.0,Norwegian,True,Barcelona,2020-06-09,5791.351450988248
27,361.0,Norwegian,False,Barcelona,2020-06-09,5791.351450988248
28,390.0,Norwegian,True,Barcelona,2020-06-16,5791.351450988248
29,378.0,Norwegian,True,Barcelona,2020-06-23,5791.351450988248
30,362.0,Norwegian,False,Barcelona,2020-06-23,5791.351450988248
31,389.0,Norwegian,True,Barcelona,2020-06-30,5791.351450988248
32,323.0,Norwegian,False,Barcelona,2020-06-30,5791.351450988248
33,391.0,Norwegian,True,Barcelona,2020-07-07,5791.351450988248
34,331.0,Norwegian,False,Barcelona,2020-07-07,5791.351450988248
35,333.0,Norwegian,True,Barcelona,2020-07-14,5791.351450988248
36,322.0,Norwegian,True,Barcelona,2020-07-21,5791.351450988248
37,278.0,Norwegian,True,Barcelona,2020-07-28,5791.351450988248
38,338.0,Norwegian,True,Barcelona,2020-08-04,5791.351450988248
39,303.0,Finnair,False,Barcelona,2020-08-11,5791.351450988248
40,389.0,Norwegian,True,Barcelona,2020-08-11,5791.351450988248
41,336.0,Norwegian,True,Barcelona,2020-08-18,5791.351450988248
42,367.0,Norwegian,False,Barcelona,2020-08-25,5791.351450988248
43,378.0,Norwegian,True,Barcelona,2020-08-25,5791.351450988248
44,278.0,Norwegian,True,Barcelona,2020-09-01,5791.351450988248
45,277.0,Norwegian,False,Barcelona,2020-09-08,5791.351450988248
0,195.0,WestJet,True,Toronto,2019-12-17,5791.351450988248
1,190.0,KLM,False,Toronto,2019-12-17,5791.351450988248
2,229.0,WestJet,True,Toronto,2019-12-24,5791.351450988248
3,223.0,WestJet,False,Toronto,2019-12-24,5791.351450988248
4,493.0,LATAM Airlines Group,True,Toronto,2019-12-31,5791.351450988248
5,261.0,LATAM Airlines Group,False,Toronto,2019-12-31,5791.351450988248
6,302.0,WestJet,True,Toronto,2020-01-07,5791.351450988248
7,126.0,LATAM Airlines Group,False,Toronto,2020-01-07,5791.351450988248
8,122.0,British Airways,False,Toronto,2020-01-14,5791.351450988248
9,156.0,United,True,Toronto,2020-01-14,5791.351450988248
10,121.0,Air Tahiti Nui,False,Toronto,2020-01-21,5791.351450988248
11,151.0,United,True,Toronto,2020-01-21,5791.351450988248
12,157.0,United,True,Toronto,2020-01-28,5791.351450988248
13,121.0,Royal Jordanian,False,Toronto,2020-01-28,5791.351450988248
14,157.0,United,True,Toronto,2020-02-04,5791.351450988248
15,121.0,Royal Jordanian,False,Toronto,2020-02-04,5791.351450988248
16,156.0,United,True,Toronto,2020-02-11,5791.351450988248
17,121.0,China Southern,False,Toronto,2020-02-11,5791.351450988248
18,154.0,United,False,Toronto,2020-02-18,5791.351450988248
19,178.0,WestJet,True,Toronto,2020-02-18,5791.351450988248
20,157.0,United,True,Toronto,2020-02-25,5791.351450988248
21,120.0,LATAM Airlines Group,False,Toronto,2020-02-25,5791.351450988248
22,163.0,WestJet,True,Toronto,2020-03-03,5791.351450988248
23,127.0,KLM,False,Toronto,2020-03-03,5791.351450988248
24,127.0,KLM,False,Toronto,2020-03-10,5791.351450988248
25,178.0,WestJet,True,Toronto,2020-03-10,5791.351450988248
26,178.0,WestJet,True,Toronto,2020-03-17,5791.351450988248
27,168.0,United,False,Toronto,2020-03-17,5791.351450988248
28,239.0,WestJet,True,Toronto,2020-03-24,5791.351450988248
29,127.0,Air Tahiti Nui,False,Toronto,2020-03-24,5791.351450988248
30,185.0,WestJet,True,Toronto,2020-03-31,5791.351450988248
31,167.0,United,False,Toronto,2020-03-31,5791.351450988248
32,163.0,WestJet,True,Toronto,2020-04-07,5791.351450988248
33,128.0,KLM,False,Toronto,2020-04-07,5791.351450988248
34,166.0,KLM,False,Toronto,2020-04-14,5791.351450988248
35,251.0,WestJet,True,Toronto,2020-04-14,5791.351450988248
36,178.0,WestJet,True,Toronto,2020-04-21,5791.351450988248
37,151.0,Lufthansa,False,Toronto,2020-04-21,5791.351450988248
38,164.0,WestJet,True,Toronto,2020-04-28,5791.351450988248
39,161.0,Royal Jordanian,False,Toronto,2020-04-28,5791.351450988248
40,178.0,WestJet,True,Toronto,2020-05-12,5791.351450988248
41,192.0,United,False,Toronto,2020-05-19,5791.351450988248
42,378.0,United,True,Toronto,2020-05-19,5791.351450988248
43,164.0,WestJet,True,Toronto,2020-05-26,5791.351450988248
44,163.0,KLM,False,Toronto,2020-05-26,5791.351450988248
45,167.0,WestJet,True,Toronto,2020-06-02,5791.351450988248
46,190.0,Interjet,False,Toronto,2020-06-16,5791.351450988248
47,190.0,WestJet,True,Toronto,2020-06-16,5791.351450988248
48,168.0,United,False,Toronto,2020-06-23,5791.351450988248
49,178.0,WestJet,True,Toronto,2020-06-23,5791.351450988248
50,162.0,KLM,False,Toronto,2020-06-30,5791.351450988248
51,187.0,WestJet,True,Toronto,2020-06-30,5791.351450988248
52,163.0,WestJet,True,Toronto,2020-07-07,5791.351450988248
53,164.0,WestJet,True,Toronto,2020-07-14,5791.351450988248
54,169.0,WestJet,True,Toronto,2020-07-21,5791.351450988248
55,163.0,WestJet,True,Toronto,2020-07-28,5791.351450988248
56,163.0,WestJet,True,Toronto,2020-08-04,5791.351450988248
57,168.0,WestJet,True,Toronto,2020-08-11,5791.351450988248
58,169.0,WestJet,True,Toronto,2020-08-18,5791.351450988248
59,164.0,WestJet,True,Toronto,2020-08-25,5791.351450988248
60,183.0,WestJet,True,Toronto,2020-09-08,5791.351450988248
61,149.0,Air Tahiti Nui,False,Toronto,2020-09-08,5791.351450988248
62,164.0,WestJet,True,Toronto,2020-09-15,5791.351450988248
63,165.0,WestJet,True,Toronto,2020-09-22,5791.351450988248
64,165.0,WestJet,True,Toronto,2020-09-22,5791.351450988248
65,168.0,WestJet,True,Toronto,2020-09-29,5791.351450988248
66,165.0,WestJet,True,Toronto,2020-10-06,5791.351450988248
67,205.0,WestJet,True,Toronto,2020-10-13,8762.161537391095
68,162.0,LATAM Airlines Group,False,Toronto,2020-10-13,8762.161537391095
69,164.0,WestJet,True,Toronto,2020-10-20,8762.161537391095
70,159.0,Air Tahiti Nui,False,Toronto,2020-10-20,8762.161537391095
71,164.0,WestJet,True,Toronto,2020-10-27,8762.161537391095
0,564.0,Finnair,False,Rome,2019-12-17,5791.351450988248
1,528.0,Alaska Airlines,False,Rome,2019-12-24,5791.351450988248
2,431.0,Norwegian,False,Rome,2019-12-31,5791.351450988248
3,347.0,Alaska Airlines,False,Rome,2020-01-07,5791.351450988248
4,237.0,Norwegian,False,Rome,2020-01-14,5791.351450988248
5,224.0,Norwegian,False,Rome,2020-01-21,5791.351450988248
6,230.0,Norwegian,False,Rome,2020-01-28,5791.351450988248
7,224.0,Norwegian,False,Rome,2020-02-04,5791.351450988248
8,234.0,Norwegian,False,Rome,2020-02-11,5791.351450988248
9,225.0,Norwegian,False,Rome,2020-02-18,5791.351450988248
10,228.0,Norwegian,False,Rome,2020-02-25,5791.351450988248
11,221.0,Norwegian,False,Rome,2020-03-03,5791.351450988248
12,239.0,jetBlue,False,Rome,2020-03-10,5791.351450988248
13,234.0,Norwegian,False,Rome,2020-03-17,5791.351450988248
14,236.0,Norwegian,False,Rome,2020-03-31,5791.351450988248
15,307.0,Norwegian,False,Rome,2020-04-07,5791.351450988248
16,318.0,Norwegian,False,Rome,2020-04-14,5791.351450988248
17,275.0,Norwegian,False,Rome,2020-04-21,5791.351450988248
18,304.0,Norwegian,False,Rome,2020-04-28,5791.351450988248
19,302.0,Norwegian,False,Rome,2020-05-05,5791.351450988248
20,697.0,Alitalia,True,Rome,2020-05-05,5791.351450988248
21,294.0,Norwegian,False,Rome,2020-05-12,5791.351450988248
22,720.0,Alitalia,True,Rome,2020-05-12,5791.351450988248
23,316.0,Norwegian,False,Rome,2020-05-19,5791.351450988248
24,675.0,Alitalia,True,Rome,2020-05-19,5791.351450988248
25,1847.0,Alitalia,True,Rome,2020-05-26,5791.351450988248
26,473.0,Aeroflot,False,Rome,2020-05-26,5791.351450988248
27,737.0,Alitalia,True,Rome,2020-06-02,5791.351450988248
28,403.0,Norwegian,False,Rome,2020-06-02,5791.351450988248
29,741.0,Alitalia,True,Rome,2020-06-09,5791.351450988248
30,384.0,Norwegian,False,Rome,2020-06-09,5791.351450988248
31,428.0,Norwegian,False,Rome,2020-06-16,5791.351450988248
32,737.0,Alitalia,True,Rome,2020-06-16,5791.351450988248
33,759.0,Alitalia,True,Rome,2020-06-23,5791.351450988248
34,381.0,Norwegian,False,Rome,2020-06-23,5791.351450988248
35,342.0,Norwegian,False,Rome,2020-06-30,5791.351450988248
36,757.0,Alitalia,True,Rome,2020-06-30,5791.351450988248
37,762.0,Alitalia,True,Rome,2020-07-07,5791.351450988248
38,384.0,Norwegian,False,Rome,2020-07-07,5791.351450988248
39,366.0,Norwegian,False,Rome,2020-07-14,5791.351450988248
40,739.0,Alitalia,True,Rome,2020-07-14,5791.351450988248
41,750.0,Condor,False,Rome,2020-07-21,5791.351450988248
42,666.0,Alitalia,True,Rome,2020-07-28,5791.351450988248
43,344.0,Norwegian,False,Rome,2020-07-28,5791.351450988248
44,673.0,Alitalia,True,Rome,2020-08-04,5791.351450988248
45,348.0,Norwegian,False,Rome,2020-08-04,5791.351450988248
46,356.0,Norwegian,False,Rome,2020-08-11,5791.351450988248
47,688.0,Alitalia,True,Rome,2020-08-11,5791.351450988248
48,364.0,Norwegian,False,Rome,2020-08-18,5791.351450988248
49,758.0,Alitalia,True,Rome,2020-08-18,5791.351450988248
50,372.0,Norwegian,False,Rome,2020-08-25,5791.351450988248
51,673.0,Alitalia,True,Rome,2020-08-25,5791.351450988248
52,341.0,Norwegian,False,Rome,2020-09-01,5791.351450988248
53,761.0,Alitalia,True,Rome,2020-09-01,5791.351450988248
54,290.0,Norwegian,False,Rome,2020-09-08,5791.351450988248
55,714.0,Alitalia,True,Rome,2020-09-08,5791.351450988248
56,694.0,Alitalia,True,Rome,2020-09-15,5791.351450988248
57,295.0,Norwegian,False,Rome,2020-09-15,5791.351450988248
58,717.0,Alitalia,True,Rome,2020-09-22,5791.351450988248
59,300.0,Norwegian,False,Rome,2020-09-22,5791.351450988248
60,300.0,Norwegian,False,Rome,2020-09-22,5791.351450988248
61,717.0,Alitalia,True,Rome,2020-09-22,5791.351450988248
62,1676.0,Alitalia,True,Rome,2020-09-29,5791.351450988248
63,401.0,Aeroflot,False,Rome,2020-09-29,5791.351450988248
64,322.0,Norwegian,False,Rome,2020-10-06,5791.351450988248
65,411.0,Aeroflot,False,Rome,2020-10-13,5791.351450988248
66,411.0,Aeroflot,False,Rome,2020-10-20,5791.351450988248
67,432.0,Finnair,False,Rome,2020-10-27,8762.161537391095
68,593.0,SAS,False,Rome,2020-11-03,8762.161537391095
69,429.0,Finnair,False,Rome,2020-11-24,8762.161537391095
0,861.0,Spirit Airlines,False,São Paulo,2019-12-17,5791.351450988248
1,1218.0,LATAM Airlines Group,True,São Paulo,2019-12-17,5791.351450988248
2,666.0,Alaska Airlines,False,São Paulo,2019-12-24,5791.351450988248
3,1053.0,LATAM Airlines Group,True,São Paulo,2019-12-24,5791.351450988248
4,760.0,Alaska Airlines,False,São Paulo,2019-12-31,5791.351450988248
5,1055.0,LATAM Airlines Group,True,São Paulo,2019-12-31,5791.351450988248
6,1039.0,LATAM Airlines Group,True,São Paulo,2020-01-07,5791.351450988248
7,683.0,Alaska Airlines,False,São Paulo,2020-01-07,5791.351450988248
8,701.0,Frontier Airlines,False,São Paulo,2020-01-14,5791.351450988248
9,1033.0,LATAM Airlines Group,True,São Paulo,2020-01-14,5791.351450988248
10,1035.0,LATAM Airlines Group,True,São Paulo,2020-01-21,5791.351450988248
11,552.0,Alaska Airlines,False,São Paulo,2020-01-21,5791.351450988248
12,637.0,Frontier Airlines,False,São Paulo,2020-01-28,5791.351450988248
13,1041.0,LATAM Airlines Group,True,São Paulo,2020-01-28,5791.351450988248
14,668.0,jetBlue,False,São Paulo,2020-02-04,5791.351450988248
15,999.0,LATAM Airlines Group,True,São Paulo,2020-02-04,5791.351450988248
16,1002.0,LATAM Airlines Group,True,São Paulo,2020-02-11,5791.351450988248
17,605.0,jetBlue,False,São Paulo,2020-02-11,5791.351450988248
18,999.0,LATAM Airlines Group,True,São Paulo,2020-02-18,5791.351450988248
19,524.0,jetBlue,False,São Paulo,2020-02-18,5791.351450988248
20,590.0,Norwegian,False,São Paulo,2020-02-25,5791.351450988248
21,1041.0,LATAM Airlines Group,True,São Paulo,2020-02-25,5791.351450988248
22,549.0,Norwegian,False,São Paulo,2020-03-03,5791.351450988248
23,1042.0,LATAM Airlines Group,True,São Paulo,2020-03-03,5791.351450988248
24,1001.0,LATAM Airlines Group,True,São Paulo,2020-03-10,5791.351450988248
25,492.0,jetBlue,False,São Paulo,2020-03-10,5791.351450988248
26,1002.0,LATAM Airlines Group,True,São Paulo,2020-03-17,5791.351450988248
27,493.0,jetBlue,False,São Paulo,2020-03-17,5791.351450988248
28,1176.0,United,False,São Paulo,2020-03-24,5791.351450988248
29,993.0,LATAM Airlines Group,True,São Paulo,2020-03-31,5791.351450988248
30,509.0,jetBlue,False,São Paulo,2020-03-31,5791.351450988248
31,507.0,jetBlue,False,São Paulo,2020-04-07,5791.351450988248
32,1001.0,LATAM Airlines Group,True,São Paulo,2020-04-07,5791.351450988248
33,523.0,jetBlue,False,São Paulo,2020-04-14,5791.351450988248
34,1001.0,LATAM Airlines Group,True,São Paulo,2020-04-14,5791.351450988248
35,650.0,Norwegian,False,São Paulo,2020-04-21,5791.351450988248
36,1002.0,LATAM Airlines Group,True,São Paulo,2020-04-28,5791.351450988248
37,532.0,Norwegian,False,São Paulo,2020-04-28,5791.351450988248
38,1002.0,LATAM Airlines Group,True,São Paulo,2020-05-12,5791.351450988248
39,539.0,jetBlue,False,São Paulo,2020-05-12,5791.351450988248
0,970.0,Hawaiian Airlines,False,Sydney,2019-12-17,5791.351450988248
1,1110.0,Virgin Australia,True,Sydney,2019-12-17,5791.351450988248
2,494.0,Air New Zealand,False,Sydney,2019-12-24,5791.351450988248
3,886.0,Lufthansa,True,Sydney,2019-12-24,5791.351450988248
4,625.0,Virgin Australia,True,Sydney,2019-12-31,5791.351450988248
5,736.0,Virgin Australia,True,Sydney,2020-01-07,5791.351450988248
6,669.0,Fiji Airways,False,Sydney,2020-01-07,5791.351450988248
7,572.0,Fiji Airways,False,Sydney,2020-01-14,5791.351450988248
8,801.0,Air New Zealand,True,Sydney,2020-01-14,5791.351450988248
9,733.0,Virgin Australia,True,Sydney,2020-01-21,5791.351450988248
10,533.0,Air New Zealand,False,Sydney,2020-01-21,5791.351450988248
11,446.0,Hawaiian Airlines,False,Sydney,2020-01-28,5791.351450988248
12,732.0,Virgin Australia,True,Sydney,2020-01-28,5791.351450988248
13,733.0,Virgin Australia,True,Sydney,2020-02-04,5791.351450988248
14,437.0,Hawaiian Airlines,False,Sydney,2020-02-04,5791.351450988248
15,367.0,Hawaiian Airlines,False,Sydney,2020-02-11,5791.351450988248
16,736.0,Virgin Australia,True,Sydney,2020-02-11,5791.351450988248
17,736.0,Virgin Australia,True,Sydney,2020-02-18,5791.351450988248
18,367.0,Hawaiian Airlines,False,Sydney,2020-02-18,5791.351450988248
19,401.0,jetBlue,False,Sydney,2020-02-25,5791.351450988248
20,733.0,Virgin Australia,True,Sydney,2020-02-25,5791.351450988248
21,437.0,Hawaiian Airlines,False,Sydney,2020-03-03,5791.351450988248
22,758.0,Virgin Australia,True,Sydney,2020-03-03,5791.351450988248
23,733.0,Virgin Australia,True,Sydney,2020-03-10,5791.351450988248
24,437.0,Hawaiian Airlines,False,Sydney,2020-03-10,5791.351450988248
25,437.0,Hawaiian Airlines,False,Sydney,2020-03-17,5791.351450988248
26,736.0,Virgin Australia,True,Sydney,2020-03-17,5791.351450988248
27,733.0,Virgin Australia,True,Sydney,2020-03-24,5791.351450988248
28,488.0,Xiamen Airlines,False,Sydney,2020-03-24,5791.351450988248
29,733.0,Virgin Australia,True,Sydney,2020-03-31,5791.351450988248
30,402.0,Hawaiian Airlines,False,Sydney,2020-03-31,5791.351450988248
31,560.0,Xiamen Airlines,False,Sydney,2020-04-07,5791.351450988248
32,855.0,Qantas,True,Sydney,2020-04-07,5791.351450988248
33,567.0,Xiamen Airlines,False,Sydney,2020-04-14,5791.351450988248
34,732.0,Virgin Australia,True,Sydney,2020-04-14,5791.351450988248
35,675.0,Xiamen Airlines,False,Sydney,2020-04-21,5791.351450988248
36,789.0,Qantas,True,Sydney,2020-04-21,5791.351450988248
37,401.0,Hawaiian Airlines,False,Sydney,2020-04-28,5791.351450988248
38,763.0,Virgin Australia,True,Sydney,2020-04-28,5791.351450988248
39,736.0,Virgin Australia,True,Sydney,2020-05-05,5791.351450988248
40,401.0,Hawaiian Airlines,False,Sydney,2020-05-05,5791.351450988248
41,626.0,Fiji Airways,False,Sydney,2020-05-12,5791.351450988248
42,866.0,United,True,Sydney,2020-05-12,5791.351450988248
43,732.0,Virgin Australia,True,Sydney,2020-05-19,5791.351450988248
44,455.0,Hawaiian Airlines,False,Sydney,2020-05-19,5791.351450988248
45,866.0,United,True,Sydney,2020-05-26,5791.351450988248
46,434.0,Hawaiian Airlines,False,Sydney,2020-05-26,5791.351450988248
47,577.0,Fiji Airways,False,Sydney,2020-06-02,5791.351450988248
48,733.0,Virgin Australia,True,Sydney,2020-06-02,5791.351450988248
49,631.0,Fiji Airways,False,Sydney,2020-06-09,5791.351450988248
50,736.0,Virgin Australia,True,Sydney,2020-06-09,5791.351450988248
51,773.0,ANA,False,Sydney,2020-06-16,5791.351450988248
52,923.0,Virgin Australia,True,Sydney,2020-06-16,5791.351450988248
53,866.0,United,True,Sydney,2020-06-23,5791.351450988248
54,637.0,Xiamen Airlines,False,Sydney,2020-06-23,5791.351450988248
55,837.0,Virgin Australia,True,Sydney,2020-06-30,5791.351450988248
56,677.0,Hawaiian Airlines,False,Sydney,2020-06-30,5791.351450988248
57,982.0,United,True,Sydney,2020-07-07,5791.351450988248
58,652.0,Fiji Airways,False,Sydney,2020-07-07,5791.351450988248
59,3326.0,Virgin Australia,True,Sydney,2020-07-14,5791.351450988248
60,837.0,Fiji Airways,False,Sydney,2020-07-14,5791.351450988248
61,674.0,Air New Zealand,False,Sydney,2020-07-21,5791.351450988248
62,864.0,Virgin Australia,True,Sydney,2020-07-21,5791.351450988248
63,867.0,United,True,Sydney,2020-07-28,5791.351450988248
64,628.0,Fiji Airways,False,Sydney,2020-07-28,5791.351450988248
65,574.0,Fiji Airways,False,Sydney,2020-11-10,5791.351450988248
66,938.0,Qantas,True,Sydney,2020-11-10,5791.351450988248
67,959.0,Qantas,True,Sydney,2020-11-17,8762.161537391095
68,692.0,China Airlines,False,Sydney,2020-11-17,8762.161537391095
69,594.0,Fiji Airways,False,Sydney,2020-11-24,8762.161537391095
0,451.0,Finnair,False,Moscow,2019-12-17,5791.351450988248
1,4587.0,Aeroflot,True,Moscow,2019-12-17,5791.351450988248
2,2723.0,Aeroflot,True,Moscow,2019-12-24,5791.351450988248
3,383.0,Finnair,False,Moscow,2019-12-24,5791.351450988248
4,411.0,Aeroflot,True,Moscow,2019-12-31,5791.351450988248
5,337.0,Finnair,False,Moscow,2019-12-31,5791.351450988248
6,675.0,Aeroflot,True,Moscow,2020-01-07,5791.351450988248
7,338.0,Finnair,False,Moscow,2020-01-07,5791.351450988248
8,282.0,Norwegian,False,Moscow,2020-01-14,5791.351450988248
9,452.0,Aeroflot,True,Moscow,2020-01-21,5791.351450988248
10,236.0,Norwegian,False,Moscow,2020-01-21,5791.351450988248
11,411.0,Aeroflot,True,Moscow,2020-01-28,5791.351450988248
12,338.0,Finnair,False,Moscow,2020-01-28,5791.351450988248
13,338.0,Finnair,False,Moscow,2020-02-04,5791.351450988248
14,445.0,Aeroflot,True,Moscow,2020-02-04,5791.351450988248
15,411.0,Aeroflot,True,Moscow,2020-02-11,5791.351450988248
16,340.0,Finnair,False,Moscow,2020-02-11,5791.351450988248
17,340.0,Finnair,False,Moscow,2020-02-18,5791.351450988248
18,429.0,Aeroflot,True,Moscow,2020-02-18,5791.351450988248
19,382.0,Finnair,False,Moscow,2020-02-25,5791.351450988248
20,456.0,Aeroflot,True,Moscow,2020-02-25,5791.351450988248
21,500.0,Condor,False,Moscow,2020-03-03,5791.351450988248
22,456.0,Aeroflot,True,Moscow,2020-03-10,5791.351450988248
23,411.0,Condor,False,Moscow,2020-03-10,5791.351450988248
24,411.0,Aeroflot,True,Moscow,2020-03-17,5791.351450988248
25,340.0,Finnair,False,Moscow,2020-03-17,5791.351450988248
26,793.0,Finnair,False,Moscow,2020-03-31,5791.351450988248
27,885.0,KLM,False,Moscow,2020-04-07,5791.351450988248
0,429.0,Interjet,True,Mexico City,2019-12-17,5791.351450988248
1,272.0,Aeromexico (aerm),False,Mexico City,2019-12-17,5791.351450988248
2,402.0,Interjet,True,Mexico City,2019-12-24,5791.351450988248
3,296.0,Viva Aerobus,False,Mexico City,2019-12-24,5791.351450988248
4,157.0,Interjet,False,Mexico City,2019-12-31,5791.351450988248
5,198.0,Interjet,True,Mexico City,2019-12-31,5791.351450988248
6,161.0,Aeromexico (aerm),True,Mexico City,2020-01-07,5791.351450988248
7,132.0,Interjet,False,Mexico City,2020-01-07,5791.351450988248
8,75.0,Interjet,False,Mexico City,2020-01-14,5791.351450988248
9,115.0,Volaris,True,Mexico City,2020-01-14,5791.351450988248
10,115.0,Volaris,True,Mexico City,2020-01-21,5791.351450988248
11,75.0,Interjet,False,Mexico City,2020-01-21,5791.351450988248
12,123.0,Volaris,True,Mexico City,2020-01-28,5791.351450988248
13,75.0,Interjet,False,Mexico City,2020-01-28,5791.351450988248
14,107.0,Volaris,True,Mexico City,2020-02-04,5791.351450988248
15,75.0,Interjet,False,Mexico City,2020-02-11,5791.351450988248
16,111.0,Volaris,True,Mexico City,2020-02-11,5791.351450988248
17,76.0,Interjet,False,Mexico City,2020-02-18,5791.351450988248
18,111.0,Volaris,True,Mexico City,2020-02-18,5791.351450988248
19,75.0,Interjet,False,Mexico City,2020-02-25,5791.351450988248
20,95.0,Volaris,True,Mexico City,2020-02-25,5791.351450988248
21,121.0,Interjet,True,Mexico City,2020-03-03,5791.351450988248
22,75.0,Interjet,False,Mexico City,2020-03-03,5791.351450988248
23,114.0,Interjet,True,Mexico City,2020-03-10,5791.351450988248
24,92.0,Interjet,False,Mexico City,2020-03-10,5791.351450988248
25,103.0,Viva Aerobus,False,Mexico City,2020-03-17,5791.351450988248
26,104.0,Interjet,True,Mexico City,2020-03-17,5791.351450988248
27,112.0,Frontier Airlines,True,Mexico City,2020-03-24,5791.351450988248
28,103.0,Viva Aerobus,False,Mexico City,2020-03-24,5791.351450988248
29,112.0,Frontier Airlines,True,Mexico City,2020-03-31,5791.351450988248
30,103.0,Viva Aerobus,False,Mexico City,2020-03-31,5791.351450988248
31,140.0,United,False,Mexico City,2020-04-07,5791.351450988248
32,141.0,Volaris,True,Mexico City,2020-04-07,5791.351450988248
33,143.0,Aeromexico (aerm),True,Mexico City,2020-04-14,5791.351450988248
34,101.0,Interjet,True,Mexico City,2020-04-28,5791.351450988248
35,86.0,Interjet,False,Mexico City,2020-04-28,5791.351450988248
36,140.0,Volaris,True,Mexico City,2020-05-05,5791.351450988248
37,126.0,Volaris,True,Mexico City,2020-05-12,5791.351450988248
38,104.0,Viva Aerobus,False,Mexico City,2020-05-12,5791.351450988248
39,85.0,Interjet,False,Mexico City,2020-05-19,5791.351450988248
40,112.0,Interjet,True,Mexico City,2020-05-19,5791.351450988248
41,85.0,Interjet,False,Mexico City,2020-05-26,5791.351450988248
42,112.0,Interjet,True,Mexico City,2020-05-26,5791.351450988248
43,103.0,Interjet,True,Mexico City,2020-06-02,5791.351450988248
44,114.0,Viva Aerobus,False,Mexico City,2020-06-09,5791.351450988248
45,135.0,Interjet,True,Mexico City,2020-06-09,5791.351450988248
46,140.0,Interjet,True,Mexico City,2020-06-16,5791.351450988248
47,107.0,Viva Aerobus,False,Mexico City,2020-06-16,5791.351450988248
48,140.0,Interjet,True,Mexico City,2020-06-23,5791.351450988248
49,112.0,Viva Aerobus,False,Mexico City,2020-06-23,5791.351450988248
50,113.0,Interjet,True,Mexico City,2020-06-30,5791.351450988248
51,107.0,Viva Aerobus,False,Mexico City,2020-06-30,5791.351450988248
52,128.0,Interjet,True,Mexico City,2020-07-07,5791.351450988248
53,131.0,Volaris,True,Mexico City,2020-07-14,5791.351450988248
54,136.0,Volaris,True,Mexico City,2020-07-21,5791.351450988248
55,136.0,Volaris,True,Mexico City,2020-07-28,5791.351450988248
56,549.0,Viva Aerobus,False,Mexico City,2020-08-04,5791.351450988248
57,127.0,Volaris,True,Mexico City,2020-08-11,5791.351450988248
58,114.0,Interjet,True,Mexico City,2020-08-18,5791.351450988248
59,126.0,Volaris,True,Mexico City,2020-08-25,5791.351450988248
60,125.0,Volaris,True,Mexico City,2020-09-01,5791.351450988248
61,113.0,Viva Aerobus,False,Mexico City,2020-09-01,5791.351450988248
62,107.0,Viva Aerobus,False,Mexico City,2020-09-08,5791.351450988248
63,114.0,Interjet,True,Mexico City,2020-09-08,5791.351450988248
64,113.0,Interjet,True,Mexico City,2020-09-15,5791.351450988248
65,107.0,Viva Aerobus,False,Mexico City,2020-09-15,5791.351450988248
66,126.0,Volaris,True,Mexico City,2020-09-22,5791.351450988248
67,107.0,Viva Aerobus,False,Mexico City,2020-09-22,8762.161537391095
68,126.0,Volaris,True,Mexico City,2020-09-22,8762.161537391095
69,107.0,Viva Aerobus,False,Mexico City,2020-09-22,8762.161537391095
70,107.0,Viva Aerobus,False,Mexico City,2020-09-29,8762.161537391095
71,113.0,Interjet,True,Mexico City,2020-10-06,8762.161537391095
72,114.0,Viva Aerobus,False,Mexico City,2020-10-13,8762.161537391095
73,126.0,Volaris,True,Mexico City,2020-10-13,8762.161537391095
74,107.0,Viva Aerobus,False,Mexico City,2020-10-20,8762.161537391095
75,126.0,Volaris,True,Mexico City,2020-10-20,8762.161537391095
0,969.0,British Airways,False, Istanbul,2019-12-17,5791.351450988248
1,1133.0,Turkish Airlines,True, Istanbul,2019-12-17,5791.351450988248
2,816.0,Norwegian,False, Istanbul,2019-12-24,5791.351450988248
3,1121.0,Turkish Airlines,True, Istanbul,2019-12-24,5791.351450988248
4,1033.0,Turkish Airlines,True, Istanbul,2019-12-31,5791.351450988248
5,477.0,Norwegian,False, Istanbul,2019-12-31,5791.351450988248
6,1108.0,Turkish Airlines,True, Istanbul,2020-01-07,5791.351450988248
7,478.0,Norwegian,False, Istanbul,2020-01-07,5791.351450988248
8,996.0,Turkish Airlines,True, Istanbul,2020-01-14,5791.351450988248
9,315.0,Norwegian,False, Istanbul,2020-01-14,5791.351450988248
10,282.0,Norwegian,False, Istanbul,2020-01-21,5791.351450988248
11,1001.0,Turkish Airlines,True, Istanbul,2020-01-21,5791.351450988248
12,995.0,Turkish Airlines,True, Istanbul,2020-01-28,5791.351450988248
13,268.0,Norwegian,False, Istanbul,2020-01-28,5791.351450988248
14,281.0,Norwegian,False, Istanbul,2020-02-04,5791.351450988248
15,1002.0,Turkish Airlines,True, Istanbul,2020-02-04,5791.351450988248
16,309.0,Norwegian,False, Istanbul,2020-02-11,5791.351450988248
17,998.0,Turkish Airlines,True, Istanbul,2020-02-11,5791.351450988248
18,1196.0,Turkish Airlines,True, Istanbul,2020-02-18,5791.351450988248
19,278.0,Norwegian,False, Istanbul,2020-02-18,5791.351450988248
20,294.0,Norwegian,False, Istanbul,2020-02-25,5791.351450988248
21,1002.0,Turkish Airlines,True, Istanbul,2020-02-25,5791.351450988248
22,291.0,Norwegian,False, Istanbul,2020-03-03,5791.351450988248
23,1008.0,Turkish Airlines,True, Istanbul,2020-03-03,5791.351450988248
24,955.0,China Southern,False, Istanbul,2020-03-10,5791.351450988248
25,1033.0,Turkish Airlines,True, Istanbul,2020-03-17,5791.351450988248
26,299.0,Norwegian,False, Istanbul,2020-03-17,5791.351450988248
27,1043.0,Turkish Airlines,True, Istanbul,2020-03-31,5791.351450988248
28,338.0,Norwegian,False, Istanbul,2020-03-31,5791.351450988248
29,1031.0,Turkish Airlines,True, Istanbul,2020-04-21,5791.351450988248
30,363.0,Norwegian,False, Istanbul,2020-04-21,5791.351450988248
31,1029.0,Turkish Airlines,True, Istanbul,2020-05-05,5791.351450988248
32,389.0,Norwegian,False, Istanbul,2020-05-05,5791.351450988248
33,362.0,Norwegian,False, Istanbul,2020-05-12,5791.351450988248
34,377.0,Norwegian,False, Istanbul,2020-05-19,5791.351450988248
35,1236.0,Turkish Airlines,True, Istanbul,2020-05-19,5791.351450988248
36,1329.0,Turkish Airlines,True, Istanbul,2020-06-02,5791.351450988248
37,467.0,Norwegian,False, Istanbul,2020-06-02,5791.351450988248
38,1350.0,Turkish Airlines,True, Istanbul,2020-06-09,5791.351450988248
39,547.0,Aeroflot,False, Istanbul,2020-06-09,5791.351450988248
40,1347.0,Turkish Airlines,True, Istanbul,2020-06-16,5791.351450988248
41,507.0,Norwegian,False, Istanbul,2020-06-16,5791.351450988248
42,1325.0,Turkish Airlines,True, Istanbul,2020-06-23,5791.351450988248
43,503.0,Norwegian,False, Istanbul,2020-06-23,5791.351450988248
44,483.0,Norwegian,False, Istanbul,2020-06-30,5791.351450988248
45,1327.0,Turkish Airlines,True, Istanbul,2020-06-30,5791.351450988248
46,1240.0,Turkish Airlines,True, Istanbul,2020-07-28,5791.351450988248
47,476.0,Norwegian,False, Istanbul,2020-07-28,5791.351450988248
48,1339.0,Turkish Airlines,True, Istanbul,2020-08-04,5791.351450988248
49,814.0,Qatar Airways,False, Istanbul,2020-08-04,5791.351450988248
50,472.0,Norwegian,False, Istanbul,2020-08-11,5791.351450988248
51,1240.0,Turkish Airlines,True, Istanbul,2020-08-11,5791.351450988248
52,352.0,Norwegian,False, Istanbul,2020-09-22,5791.351450988248
53,352.0,Norwegian,False, Istanbul,2020-09-22,5791.351450988248
54,1199.0,Turkish Airlines,True, Istanbul,2020-09-29,5791.351450988248
55,740.0,Qatar Airways,False, Istanbul,2020-09-29,5791.351450988248
56,408.0,Aeroflot,False, Istanbul,2020-10-06,5791.351450988248
57,1041.0,Turkish Airlines,True, Istanbul,2020-10-06,5791.351450988248
58,1005.0,LOT,False, Istanbul,2020-11-24,5791.351450988248
0,904.0,Air Canada,False,Santiago,2019-12-17,5791.351450988248
1,623.0,Interjet,False,Santiago,2019-12-24,5791.351450988248
2,527.0,Alaska Airlines,False,Santiago,2020-01-07,5791.351450988248
3,398.0,Spirit Airlines,False,Santiago,2020-01-14,5791.351450988248
4,386.0,Spirit Airlines,False,Santiago,2020-01-21,5791.351450988248
5,562.0,Alaska Airlines,False,Santiago,2020-01-28,5791.351450988248
6,432.0,Interjet,False,Santiago,2020-02-04,5791.351450988248
7,438.0,Spirit Airlines,False,Santiago,2020-02-11,5791.351450988248
8,471.0,Interjet,False,Santiago,2020-02-18,5791.351450988248
9,421.0,Alaska Airlines,False,Santiago,2020-02-25,5791.351450988248
10,399.0,Interjet,False,Santiago,2020-03-03,5791.351450988248
11,413.0,Interjet,False,Santiago,2020-03-10,5791.351450988248
12,366.0,Interjet,False,Santiago,2020-03-17,5791.351450988248
13,1116.0,Avianca (Scheduled),False,Santiago,2020-03-31,5791.351450988248
14,3794.0,Avianca (Scheduled),False,Santiago,2020-05-26,5791.351450988248
15,1120.0,Avianca (Scheduled),False,Santiago,2020-07-07,5791.351450988248
16,691.0,LATAM Airlines Group,False,Santiago,2020-07-14,5791.351450988248
17,1162.0,LATAM Airlines Group,True,Santiago,2020-07-14,5791.351450988248
18,689.0,Air Canada,False,Santiago,2020-08-04,5791.351450988248
19,1188.0,LATAM Airlines Group,True,Santiago,2020-08-04,5791.351450988248
20,1116.0,Avianca (Scheduled),False,Santiago,2020-08-25,5791.351450988248
21,1123.0,Avianca (Scheduled),False,Santiago,2020-09-01,5791.351450988248
22,2462.0,LATAM Airlines Group,True,Santiago,2020-09-15,5791.351450988248
23,1057.0,Copa,False,Santiago,2020-09-15,5791.351450988248
0,955.0,Condor,False,Zagreb,2019-12-17,5791.351450988248
1,283.0,Norwegian,False,Zagreb,2020-01-21,5791.351450988248
2,323.0,Norwegian,False,Zagreb,2020-01-28,5791.351450988248
3,261.0,Norwegian,False,Zagreb,2020-02-11,5791.351450988248
4,310.0,Norwegian,False,Zagreb,2020-03-10,5791.351450988248
5,843.0,Turkish Airlines,False,Zagreb,2020-03-31,5791.351450988248
6,644.0,Condor,False,Zagreb,2020-04-14,5791.351450988248
7,622.0,Condor,False,Zagreb,2020-04-28,5791.351450988248
8,689.0,Condor,False,Zagreb,2020-05-05,5791.351450988248
9,340.0,Norwegian,False,Zagreb,2020-05-12,5791.351450988248
10,489.0,Norwegian,False,Zagreb,2020-06-16,5791.351450988248
11,405.0,Aeroflot,False,Zagreb,2020-10-20,5791.351450988248
0,576.0,Finnair,False,Copenhagen,2019-12-17,5791.351450988248
1,520.0,Norwegian,False,Copenhagen,2019-12-24,5791.351450988248
2,412.0,Norwegian,False,Copenhagen,2019-12-31,5791.351450988248
3,335.0,Frontier Airlines,False,Copenhagen,2020-01-07,5791.351450988248
4,206.0,Norwegian,False,Copenhagen,2020-01-14,5791.351450988248
5,187.0,Norwegian,False,Copenhagen,2020-01-21,5791.351450988248
6,204.0,Norwegian,False,Copenhagen,2020-01-28,5791.351450988248
7,211.0,Norwegian,False,Copenhagen,2020-02-04,5791.351450988248
8,187.0,Norwegian,False,Copenhagen,2020-02-11,5791.351450988248
9,195.0,Norwegian,False,Copenhagen,2020-02-18,5791.351450988248
10,187.0,Norwegian,False,Copenhagen,2020-02-25,5791.351450988248
11,203.0,Norwegian,False,Copenhagen,2020-03-03,5791.351450988248
12,206.0,Norwegian,False,Copenhagen,2020-03-10,5791.351450988248
13,213.0,Norwegian,False,Copenhagen,2020-03-17,5791.351450988248
14,213.0,Norwegian,False,Copenhagen,2020-03-24,5791.351450988248
15,588.0,SAS,True,Copenhagen,2020-03-31,5791.351450988248
16,218.0,Norwegian,False,Copenhagen,2020-03-31,5791.351450988248
0,788.0,Brussels Airlines,False,Cairo,2019-12-17,5791.351450988248
1,871.0,Turkish Airlines,False,Cairo,2019-12-24,5791.351450988248
2,559.0,Norwegian,False,Cairo,2019-12-31,5791.351450988248
3,543.0,Norwegian,False,Cairo,2020-01-07,5791.351450988248
4,360.0,Norwegian,False,Cairo,2020-01-14,5791.351450988248
5,363.0,Norwegian,False,Cairo,2020-01-21,5791.351450988248
6,353.0,Norwegian,False,Cairo,2020-01-28,5791.351450988248
7,349.0,Norwegian,False,Cairo,2020-02-04,5791.351450988248
8,342.0,Norwegian,False,Cairo,2020-02-11,5791.351450988248
9,326.0,Norwegian,False,Cairo,2020-02-25,5791.351450988248
10,800.0,Etihad Airways,False,Cairo,2020-03-10,5791.351450988248
11,362.0,Norwegian,False,Cairo,2020-03-17,5791.351450988248
12,289.0,Norwegian,False,Cairo,2020-03-31,5791.351450988248
13,356.0,Norwegian,False,Cairo,2020-04-14,5791.351450988248
14,420.0,Norwegian,False,Cairo,2020-04-28,5791.351450988248
15,422.0,Norwegian,False,Cairo,2020-05-12,5791.351450988248
16,1774.0,Norwegian,False,Cairo,2020-05-19,5791.351450988248
17,516.0,Norwegian,False,Cairo,2020-06-02,5791.351450988248
18,478.0,Alaska Airlines,False,Cairo,2020-06-09,5791.351450988248
19,800.0,Etihad Airways,False,Cairo,2020-08-18,5791.351450988248
20,482.0,Aeroflot,False,Cairo,2020-10-06,5791.351450988248
0,766.0,British Airways,False,Athens,2019-12-17,5791.351450988248
1,725.0,Norwegian,False,Athens,2019-12-24,5791.351450988248
2,392.0,Norwegian,False,Athens,2019-12-31,5791.351450988248
3,360.0,Norwegian,False,Athens,2020-01-07,5791.351450988248
4,381.0,Condor,False,Athens,2020-01-14,5791.351450988248
5,217.0,Norwegian,False,Athens,2020-01-21,5791.351450988248
6,218.0,Norwegian,False,Athens,2020-01-28,5791.351450988248
7,213.0,Norwegian,False,Athens,2020-02-04,5791.351450988248
8,218.0,Norwegian,False,Athens,2020-02-18,5791.351450988248
9,217.0,Norwegian,False,Athens,2020-02-25,5791.351450988248
10,220.0,Norwegian,False,Athens,2020-03-03,5791.351450988248
11,215.0,Norwegian,False,Athens,2020-03-17,5791.351450988248
12,248.0,Norwegian,False,Athens,2020-03-24,5791.351450988248
13,263.0,Norwegian,False,Athens,2020-03-31,5791.351450988248
14,297.0,Norwegian,False,Athens,2020-04-07,5791.351450988248
15,442.0,Finnair,False,Athens,2020-11-10,5791.351450988248
0,772.0,China Eastern,False,Tribhuvan,2019-12-17,5791.351450988248
1,767.0,China Eastern,False,Tribhuvan,2019-12-24,5791.351450988248
2,580.0,China Eastern,False,Tribhuvan,2020-01-07,5791.351450988248
3,580.0,China Eastern,False,Tribhuvan,2020-01-14,5791.351450988248
4,606.0,Singapore Airlines,False,Tribhuvan,2020-01-21,5791.351450988248
5,544.0,China Eastern,False,Tribhuvan,2020-02-04,5791.351450988248
6,544.0,China Eastern,False,Tribhuvan,2020-02-11,5791.351450988248
7,522.0,China Eastern,False,Tribhuvan,2020-02-25,5791.351450988248
8,504.0,Air China,False,Tribhuvan,2020-03-10,5791.351450988248
9,522.0,China Southern,False,Tribhuvan,2020-04-07,5791.351450988248
10,511.0,Air China,False,Tribhuvan,2020-04-14,5791.351450988248
11,520.0,Singapore Airlines,False,Tribhuvan,2020-08-11,5791.351450988248
0,604.0,Interjet,False,Lima,2019-12-17,5791.351450988248
1,1813.0,LATAM Airlines Group,True,Lima,2019-12-17,5791.351450988248
2,1803.0,LATAM Airlines Group,True,Lima,2019-12-24,5791.351450988248
3,260.0,Interjet,False,Lima,2019-12-31,5791.351450988248
4,989.0,LATAM Airlines Group,True,Lima,2019-12-31,5791.351450988248
5,277.0,Interjet,False,Lima,2020-01-07,5791.351450988248
6,954.0,LATAM Airlines Group,True,Lima,2020-01-07,5791.351450988248
7,747.0,LATAM Airlines Group,True,Lima,2020-01-14,5791.351450988248
8,200.0,Interjet,False,Lima,2020-01-14,5791.351450988248
9,200.0,Interjet,False,Lima,2020-01-21,5791.351450988248
10,767.0,LATAM Airlines Group,True,Lima,2020-01-21,5791.351450988248
11,1111.0,LATAM Airlines Group,True,Lima,2020-01-28,5791.351450988248
12,157.0,Spirit Airlines,False,Lima,2020-01-28,5791.351450988248
13,232.0,Interjet,False,Lima,2020-02-04,5791.351450988248
14,745.0,LATAM Airlines Group,True,Lima,2020-02-04,5791.351450988248
15,293.0,Spirit Airlines,False,Lima,2020-02-11,5791.351450988248
16,2245.0,LATAM Airlines Group,True,Lima,2020-02-11,5791.351450988248
17,223.0,Interjet,False,Lima,2020-02-18,5791.351450988248
18,803.0,LATAM Airlines Group,True,Lima,2020-02-18,5791.351450988248
19,636.0,Avianca (Scheduled),False,Lima,2020-02-25,5791.351450988248
20,211.0,Interjet,False,Lima,2020-03-03,5791.351450988248
21,743.0,LATAM Airlines Group,True,Lima,2020-03-03,5791.351450988248
22,896.0,LATAM Airlines Group,True,Lima,2020-03-10,5791.351450988248
23,225.0,Interjet,False,Lima,2020-03-10,5791.351450988248
24,220.0,Interjet,False,Lima,2020-03-17,5791.351450988248
25,877.0,LATAM Airlines Group,True,Lima,2020-03-17,5791.351450988248
26,196.0,Interjet,False,Lima,2020-03-24,5791.351450988248
27,674.0,LATAM Airlines Group,True,Lima,2020-03-24,5791.351450988248
28,210.0,Interjet,False,Lima,2020-03-31,5791.351450988248
29,615.0,LATAM Airlines Group,True,Lima,2020-03-31,5791.351450988248
30,575.0,LATAM Airlines Group,True,Lima,2020-04-07,5791.351450988248
31,246.0,Interjet,False,Lima,2020-04-07,5791.351450988248
32,516.0,Spirit Airlines,False,Lima,2020-04-14,5791.351450988248
33,762.0,LATAM Airlines Group,True,Lima,2020-04-28,5791.351450988248
34,168.0,Interjet,False,Lima,2020-04-28,5791.351450988248
35,594.0,LATAM Airlines Group,True,Lima,2020-05-05,5791.351450988248
36,206.0,Interjet,False,Lima,2020-05-05,5791.351450988248
