,Price,Carrier,Direct,Destination,Flight Date,Distance in miles
0,77.0,Spirit Airlines,True,New Orleans,2019-12-17,1667.5190461192294
1,156.0,Spirit Airlines,True,New Orleans,2019-12-24,1667.5190461192294
2,97.0,Southwest Airlines,False,New Orleans,2019-12-24,1667.5190461192294
3,162.0,Spirit Airlines,True,New Orleans,2019-12-31,1667.5190461192294
4,139.0,Spirit Airlines,False,New Orleans,2019-12-31,1667.5190461192294
5,86.0,Spirit Airlines,True,New Orleans,2020-01-07,1667.5190461192294
6,71.0,Spirit Airlines,False,New Orleans,2020-01-14,1667.5190461192294
7,77.0,Spirit Airlines,True,New Orleans,2020-01-14,1667.5190461192294
8,77.0,Spirit Airlines,True,New Orleans,2020-01-21,1667.5190461192294
9,70.0,Spirit Airlines,False,New Orleans,2020-01-21,1667.5190461192294
10,70.0,Spirit Airlines,False,New Orleans,2020-01-28,1667.5190461192294
11,77.0,Spirit Airlines,True,New Orleans,2020-01-28,1667.5190461192294
12,77.0,Spirit Airlines,True,New Orleans,2020-02-04,1667.5190461192294
13,71.0,Spirit Airlines,False,New Orleans,2020-02-04,1667.5190461192294
14,70.0,Spirit Airlines,False,New Orleans,2020-02-11,1667.5190461192294
15,77.0,Spirit Airlines,True,New Orleans,2020-02-11,1667.5190461192294
16,92.0,Spirit Airlines,True,New Orleans,2020-02-18,1667.5190461192294
17,87.0,United,False,New Orleans,2020-02-18,1667.5190461192294
18,92.0,Spirit Airlines,True,New Orleans,2020-02-25,1667.5190461192294
19,88.0,United,False,New Orleans,2020-02-25,1667.5190461192294
20,81.0,Spirit Airlines,False,New Orleans,2020-03-03,1667.5190461192294
21,113.0,United,False,New Orleans,2020-03-10,1667.5190461192294
22,275.0,Spirit Airlines,True,New Orleans,2020-03-17,1667.5190461192294
23,174.0,Alaska Airlines,False,New Orleans,2020-03-17,1667.5190461192294
24,276.0,Spirit Airlines,True,New Orleans,2020-03-24,1667.5190461192294
25,174.0,Alaska Airlines,False,New Orleans,2020-03-24,1667.5190461192294
26,278.0,Spirit Airlines,True,New Orleans,2020-03-31,1667.5190461192294
27,144.0,United,False,New Orleans,2020-03-31,1667.5190461192294
28,113.0,United,False,New Orleans,2020-04-07,1667.5190461192294
29,279.0,Spirit Airlines,True,New Orleans,2020-04-07,1667.5190461192294
30,281.0,Spirit Airlines,True,New Orleans,2020-04-14,1667.5190461192294
31,174.0,United,False,New Orleans,2020-04-14,1667.5190461192294
32,114.0,United,False,New Orleans,2020-04-21,1667.5190461192294
33,333.0,Spirit Airlines,True,New Orleans,2020-04-21,1667.5190461192294
34,220.0,Spirit Airlines,False,New Orleans,2020-04-28,1667.5190461192294
35,276.0,Spirit Airlines,True,New Orleans,2020-04-28,1667.5190461192294
36,83.0,Spirit Airlines,False,New Orleans,2020-05-12,1667.5190461192294
37,103.0,Spirit Airlines,True,New Orleans,2020-05-12,1667.5190461192294
38,102.0,Spirit Airlines,True,New Orleans,2020-05-19,1667.5190461192294
39,79.0,Spirit Airlines,False,New Orleans,2020-05-19,1667.5190461192294
40,102.0,Spirit Airlines,True,New Orleans,2020-06-02,1667.5190461192294
41,103.0,Spirit Airlines,True,New Orleans,2020-06-09,1667.5190461192294
42,149.0,United,False,New Orleans,2020-06-23,1667.5190461192294
43,148.0,United,False,New Orleans,2020-06-30,1667.5190461192294
44,148.0,United,False,New Orleans,2020-07-07,1667.5190461192294
45,148.0,United,False,New Orleans,2020-07-14,1667.5190461192294
46,148.0,United,False,New Orleans,2020-07-28,1667.5190461192294
47,174.0,Alaska Airlines,False,New Orleans,2020-08-18,1667.5190461192294
48,113.0,United,False,New Orleans,2020-08-25,1667.5190461192294
49,149.0,United,False,New Orleans,2020-09-01,1667.5190461192294
50,168.0,United,False,New Orleans,2020-10-06,1667.5190461192294
51,113.0,United,False,New Orleans,2020-10-27,1667.5190461192294
0,3662.0,Linear Air,True,St. George,2019-12-31,1667.5190461192294
1,2274.0,Alaska Airlines,False,St. George,2019-12-31,1667.5190461192294
2,150.0,United,True,St. George,2020-01-07,1667.5190461192294
3,156.0,United,True,St. George,2020-04-28,1667.5190461192294
4,150.0,United,True,St. George,2020-05-05,1667.5190461192294
5,155.0,United,True,St. George,2020-06-23,1667.5190461192294
0,344.0,United,True,Sun Valley,2019-12-24,1667.5190461192294
1,216.0,United,False,Sun Valley,2019-12-24,1667.5190461192294
2,90.0,United,True,Sun Valley,2020-01-07,1667.5190461192294
3,121.0,United,True,Sun Valley,2020-02-25,1667.5190461192294
4,121.0,United,True,Sun Valley,2020-03-10,1667.5190461192294
0,245.0,Spirit Airlines,False,Tallahassee,2019-12-17,1667.5190461192294
1,310.0,Southwest Airlines,False,Tallahassee,2019-12-24,1667.5190461192294
2,370.0,Alaska Airlines,False,Tallahassee,2019-12-31,1667.5190461192294
3,174.0,United,False,Tallahassee,2020-01-21,1667.5190461192294
4,243.0,jetBlue,False,Tallahassee,2020-02-18,1667.5190461192294
0,171.0,United,False,Rochester,2019-12-24,1667.5190461192294
1,2303.0,Alaska Airlines,False,Rochester,2019-12-31,1667.5190461192294
0,323.0,Spirit Airlines,False,Rockford,2019-12-17,1667.5190461192294
1,364.0,Spirit Airlines,False,Rockford,2019-12-24,1667.5190461192294
2,2590.0,Southwest Airlines,False,Rockford,2019-12-31,1667.5190461192294
3,3509.0,Southwest Airlines,False,Rockford,2020-01-07,1667.5190461192294
4,3442.0,Southwest Airlines,False,Rockford,2020-01-14,1667.5190461192294
5,3439.0,Southwest Airlines,False,Rockford,2020-01-21,1667.5190461192294
6,213.0,Southwest Airlines,False,Rockford,2020-01-28,1667.5190461192294
7,3433.0,Southwest Airlines,False,Rockford,2020-02-04,1667.5190461192294
8,168.0,Alaska Airlines,False,Rockford,2020-02-11,1667.5190461192294
9,220.0,Spirit Airlines,False,Rockford,2020-02-18,1667.5190461192294
10,204.0,Spirit Airlines,False,Rockford,2020-02-25,1667.5190461192294
11,218.0,Spirit Airlines,False,Rockford,2020-03-03,1667.5190461192294
12,199.0,Southwest Airlines,False,Rockford,2020-03-10,1667.5190461192294
13,246.0,Southwest Airlines,False,Rockford,2020-03-17,1667.5190461192294
14,288.0,jetBlue,False,Rockford,2020-03-24,1667.5190461192294
15,346.0,Alaska Airlines,False,Rockford,2020-03-31,1667.5190461192294
16,266.0,Southwest Airlines,False,Rockford,2020-04-07,1667.5190461192294
17,256.0,Southwest Airlines,False,Rockford,2020-04-14,1667.5190461192294
18,381.0,jetBlue,False,Rockford,2020-04-21,1667.5190461192294
19,316.0,Southwest Airlines,False,Rockford,2020-04-28,1667.5190461192294
20,304.0,Spirit Airlines,False,Rockford,2020-05-12,1667.5190461192294
0,736.0,Hainan Airlines,False,Beijing,2019-12-17,1667.5190461192294
1,902.0,China Southern,True,Beijing,2019-12-17,1667.5190461192294
2,669.0,Sichuan Airlines,False,Beijing,2019-12-24,1667.5190461192294
3,884.0,China Southern,True,Beijing,2019-12-24,1667.5190461192294
4,238.0,Alaska Airlines,False,Beijing,2019-12-31,1667.5190461192294
5,305.0,China Southern,True,Beijing,2019-12-31,1667.5190461192294
6,308.0,China Southern,True,Beijing,2020-01-07,1667.5190461192294
7,239.0,Sichuan Airlines,False,Beijing,2020-01-07,1667.5190461192294
8,308.0,China Southern,True,Beijing,2020-01-14,1667.5190461192294
9,239.0,Sichuan Airlines,False,Beijing,2020-01-14,1667.5190461192294
10,238.0,Alaska Airlines,False,Beijing,2020-01-21,1667.5190461192294
11,305.0,China Southern,True,Beijing,2020-01-21,1667.5190461192294
12,308.0,China Southern,True,Beijing,2020-01-28,1667.5190461192294
13,244.0,Alaska Airlines,False,Beijing,2020-01-28,1667.5190461192294
14,519.0,Air China,True,Beijing,2020-02-04,1667.5190461192294
15,301.0,Sichuan Airlines,False,Beijing,2020-02-04,1667.5190461192294
16,242.0,Sichuan Airlines,False,Beijing,2020-02-11,1667.5190461192294
17,320.0,KLM,True,Beijing,2020-02-11,1667.5190461192294
18,238.0,Alaska Airlines,False,Beijing,2020-02-18,1667.5190461192294
19,319.0,KLM,True,Beijing,2020-02-18,1667.5190461192294
20,363.0,Xiamen Airlines,False,Beijing,2020-02-25,1667.5190461192294
21,457.0,Air China,True,Beijing,2020-03-03,1667.5190461192294
22,238.0,Alaska Airlines,False,Beijing,2020-03-03,1667.5190461192294
23,308.0,China Southern,True,Beijing,2020-03-10,1667.5190461192294
24,240.0,Alaska Airlines,False,Beijing,2020-03-10,1667.5190461192294
25,240.0,Alaska Airlines,False,Beijing,2020-03-17,1667.5190461192294
26,308.0,China Southern,True,Beijing,2020-03-17,1667.5190461192294
27,486.0,Air China,True,Beijing,2020-03-24,1667.5190461192294
28,239.0,Sichuan Airlines,False,Beijing,2020-03-24,1667.5190461192294
29,239.0,Sichuan Airlines,False,Beijing,2020-03-31,1667.5190461192294
30,308.0,China Southern,True,Beijing,2020-03-31,1667.5190461192294
31,238.0,Alaska Airlines,False,Beijing,2020-04-07,1667.5190461192294
32,306.0,China Southern,True,Beijing,2020-04-07,1667.5190461192294
33,308.0,China Southern,True,Beijing,2020-04-14,1667.5190461192294
34,240.0,Alaska Airlines,False,Beijing,2020-04-14,1667.5190461192294
35,241.0,Sichuan Airlines,False,Beijing,2020-04-21,1667.5190461192294
36,271.0,Alaska Airlines,False,Beijing,2020-04-28,1667.5190461192294
37,313.0,China Southern,True,Beijing,2020-04-28,1667.5190461192294
38,389.0,Hainan Airlines,False,Beijing,2020-05-05,1667.5190461192294
39,311.0,Sichuan Airlines,False,Beijing,2020-05-12,1667.5190461192294
40,691.0,KLM,True,Beijing,2020-05-12,1667.5190461192294
41,751.0,KLM,True,Beijing,2020-05-19,1667.5190461192294
42,306.0,Sichuan Airlines,False,Beijing,2020-05-19,1667.5190461192294
43,446.0,SWISS,False,Beijing,2020-05-26,1667.5190461192294
44,746.0,KLM,True,Beijing,2020-05-26,1667.5190461192294
45,441.0,Finnair,False,Beijing,2020-06-02,1667.5190461192294
46,751.0,KLM,True,Beijing,2020-06-02,1667.5190461192294
47,446.0,SWISS,False,Beijing,2020-06-09,1667.5190461192294
48,747.0,KLM,True,Beijing,2020-06-09,1667.5190461192294
49,396.0,China Airlines,False,Beijing,2020-08-04,1667.5190461192294
50,576.0,KLM,True,Beijing,2020-08-04,1667.5190461192294
51,405.0,Hainan Airlines,False,Beijing,2020-08-11,1667.5190461192294
52,576.0,KLM,True,Beijing,2020-08-11,347.44422030772836
53,680.0,Air China,True,Beijing,2020-08-18,347.44422030772836
54,424.0,Hainan Airlines,False,Beijing,2020-08-18,347.44422030772836
55,464.0,Air China,True,Beijing,2020-09-01,347.44422030772836
56,363.0,Hainan Airlines,False,Beijing,2020-09-01,347.44422030772836
57,464.0,Air China,True,Beijing,2020-09-15,347.44422030772836
58,367.0,Hainan Airlines,False,Beijing,2020-09-15,696.4604572756588
59,589.0,KLM,True,Beijing,2020-10-06,696.4604572756588
60,389.0,Hainan Airlines,False,Beijing,2020-10-06,696.4604572756588
61,464.0,Air China,True,Beijing,2020-11-03,696.4604572756588
62,396.0,China Airlines,False,Beijing,2020-11-03,696.4604572756588
0,1089.0,Japan Airlines,True,Tokyo,2019-12-17,1667.5190461192294
1,752.0,Asiana Airlines,False,Tokyo,2019-12-17,1667.5190461192294
2,1090.0,Japan Airlines,True,Tokyo,2019-12-24,1667.5190461192294
3,613.0,ANA,False,Tokyo,2019-12-24,1667.5190461192294
4,436.0,Japan Airlines,True,Tokyo,2019-12-31,1667.5190461192294
5,444.0,ANA,False,Tokyo,2020-01-07,1667.5190461192294
6,558.0,Japan Airlines,True,Tokyo,2020-01-07,1667.5190461192294
7,435.0,Japan Airlines,True,Tokyo,2020-01-14,1667.5190461192294
8,382.0,Air China,False,Tokyo,2020-01-14,1667.5190461192294
9,352.0,Air China,False,Tokyo,2020-01-21,1667.5190461192294
10,444.0,Japan Airlines,True,Tokyo,2020-01-21,1667.5190461192294
11,439.0,Japan Airlines,True,Tokyo,2020-01-28,1667.5190461192294
12,381.0,Air China,False,Tokyo,2020-01-28,1667.5190461192294
13,457.0,ANA,True,Tokyo,2020-02-04,1667.5190461192294
14,451.0,ANA,False,Tokyo,2020-02-04,1667.5190461192294
15,435.0,Japan Airlines,True,Tokyo,2020-02-11,1667.5190461192294
16,409.0,Air China,False,Tokyo,2020-02-11,1667.5190461192294
17,315.0,Air China,False,Tokyo,2020-02-18,1667.5190461192294
18,435.0,Japan Airlines,True,Tokyo,2020-02-18,1667.5190461192294
19,321.0,Air China,False,Tokyo,2020-02-25,1667.5190461192294
20,460.0,ANA,True,Tokyo,2020-02-25,1667.5190461192294
21,321.0,Air China,False,Tokyo,2020-03-03,1667.5190461192294
22,435.0,Japan Airlines,True,Tokyo,2020-03-03,1667.5190461192294
23,435.0,Japan Airlines,True,Tokyo,2020-03-10,1667.5190461192294
24,315.0,Air China,False,Tokyo,2020-03-10,1667.5190461192294
25,435.0,Japan Airlines,True,Tokyo,2020-03-17,1667.5190461192294
26,321.0,Air China,False,Tokyo,2020-03-17,1667.5190461192294
27,437.0,Japan Airlines,True,Tokyo,2020-03-24,1667.5190461192294
28,321.0,Air China,False,Tokyo,2020-03-24,1667.5190461192294
29,435.0,Japan Airlines,True,Tokyo,2020-03-31,1667.5190461192294
30,335.0,Air China,False,Tokyo,2020-03-31,1667.5190461192294
31,435.0,Japan Airlines,True,Tokyo,2020-04-07,1667.5190461192294
32,321.0,Air China,False,Tokyo,2020-04-07,1667.5190461192294
33,440.0,Japan Airlines,True,Tokyo,2020-04-14,1667.5190461192294
34,320.0,Air China,False,Tokyo,2020-04-14,1667.5190461192294
35,315.0,Air China,False,Tokyo,2020-04-21,1667.5190461192294
36,435.0,Japan Airlines,True,Tokyo,2020-04-21,1667.5190461192294
37,441.0,Japan Airlines,True,Tokyo,2020-04-28,1667.5190461192294
38,348.0,Air China,False,Tokyo,2020-04-28,1667.5190461192294
39,432.0,China Airlines,False,Tokyo,2020-05-12,1667.5190461192294
40,451.0,Japan Airlines,True,Tokyo,2020-05-12,1667.5190461192294
41,601.0,Japan Airlines,True,Tokyo,2020-05-19,1667.5190461192294
42,495.0,Philippine Airlines,False,Tokyo,2020-05-19,1667.5190461192294
43,500.0,Philippine Airlines,False,Tokyo,2020-05-26,1667.5190461192294
44,605.0,Japan Airlines,True,Tokyo,2020-05-26,1667.5190461192294
45,643.0,ANA,True,Tokyo,2020-06-02,1667.5190461192294
46,642.0,Air Canada,False,Tokyo,2020-06-02,1667.5190461192294
47,635.0,China Airlines,False,Tokyo,2020-06-09,1667.5190461192294
48,887.0,Japan Airlines,True,Tokyo,2020-06-09,1667.5190461192294
49,892.0,Japan Airlines,True,Tokyo,2020-06-16,1667.5190461192294
50,653.0,China Airlines,False,Tokyo,2020-06-16,1667.5190461192294
51,640.0,China Airlines,False,Tokyo,2020-06-23,1667.5190461192294
52,892.0,Japan Airlines,True,Tokyo,2020-06-23,347.44422030772836
53,892.0,Japan Airlines,True,Tokyo,2020-06-30,347.44422030772836
54,458.0,ANA,False,Tokyo,2020-06-30,347.44422030772836
55,446.0,Japan Airlines,True,Tokyo,2020-07-07,347.44422030772836
56,500.0,Philippine Airlines,False,Tokyo,2020-07-14,347.44422030772836
57,602.0,Japan Airlines,True,Tokyo,2020-07-14,347.44422030772836
58,495.0,Philippine Airlines,False,Tokyo,2020-07-21,696.4604572756588
59,650.0,Japan Airlines,True,Tokyo,2020-07-21,696.4604572756588
60,448.0,Japan Airlines,True,Tokyo,2020-07-28,696.4604572756588
61,445.0,Japan Airlines,True,Tokyo,2020-08-04,696.4604572756588
62,427.0,China Airlines,False,Tokyo,2020-08-11,696.4604572756588
63,448.0,Japan Airlines,True,Tokyo,2020-08-11,1997.6542640094406
64,448.0,Japan Airlines,True,Tokyo,2020-08-18,1997.6542640094406
65,432.0,China Airlines,False,Tokyo,2020-09-01,1997.6542640094406
66,445.0,Japan Airlines,True,Tokyo,2020-09-01,1997.6542640094406
67,448.0,Japan Airlines,True,Tokyo,2020-09-08,1997.6542640094406
68,427.0,China Airlines,False,Tokyo,2020-09-08,1544.9015074106073
69,427.0,China Airlines,False,Tokyo,2020-09-15,1544.9015074106073
70,451.0,Japan Airlines,True,Tokyo,2020-09-15,1683.5664890866706
71,505.0,United,True,Tokyo,2020-09-22,1683.5664890866706
72,504.0,Korean Air,False,Tokyo,2020-09-22,1683.5664890866706
73,504.0,Korean Air,False,Tokyo,2020-09-22,1683.5664890866706
74,505.0,United,True,Tokyo,2020-09-22,1683.5664890866706
75,432.0,China Airlines,False,Tokyo,2020-09-29,1683.5664890866706
76,437.0,Japan Airlines,True,Tokyo,2020-09-29,1683.5664890866706
77,503.0,Korean Air,False,Tokyo,2020-10-06,1683.5664890866706
78,505.0,United,True,Tokyo,2020-10-06,1683.5664890866706
79,438.0,Japan Airlines,True,Tokyo,2020-10-13,1683.5664890866706
80,427.0,China Airlines,False,Tokyo,2020-10-13,1683.5664890866706
81,474.0,China Airlines,False,Tokyo,2020-10-27,1683.5664890866706
82,504.0,United,True,Tokyo,2020-10-27,1683.5664890866706
83,450.0,ANA,True,Tokyo,2020-11-10,1683.5664890866706
84,468.0,Japan Airlines,True,Tokyo,2020-11-17,1683.5664890866706
85,467.0,Japan Airlines,True,Tokyo,2020-11-24,1683.5664890866706
86,929.0,China Southern,False,Tokyo,2020-12-01,1683.5664890866706
0,984.0,Cathay Pacific,False,Dubai,2019-12-17,1667.5190461192294
1,1564.0,Emirates,True,Dubai,2019-12-17,1667.5190461192294
2,934.0,Air China,False,Dubai,2019-12-24,1667.5190461192294
3,1280.0,Emirates,True,Dubai,2019-12-24,1667.5190461192294
4,1017.0,Emirates,True,Dubai,2019-12-31,1667.5190461192294
5,646.0,Finnair,False,Dubai,2019-12-31,1667.5190461192294
6,1121.0,China Southern,False,Dubai,2020-01-07,1667.5190461192294
7,383.0,Norwegian,False,Dubai,2020-01-14,1667.5190461192294
8,987.0,Emirates,True,Dubai,2020-01-14,1667.5190461192294
9,1002.0,Emirates,True,Dubai,2020-01-21,1667.5190461192294
10,357.0,Norwegian,False,Dubai,2020-01-21,1667.5190461192294
11,983.0,Emirates,True,Dubai,2020-01-28,1667.5190461192294
12,373.0,Norwegian,False,Dubai,2020-01-28,1667.5190461192294
13,983.0,Emirates,True,Dubai,2020-02-04,1667.5190461192294
14,396.0,Norwegian,False,Dubai,2020-02-04,1667.5190461192294
15,397.0,Norwegian,False,Dubai,2020-02-11,1667.5190461192294
16,983.0,Emirates,True,Dubai,2020-02-11,1667.5190461192294
17,1425.0,SWISS,False,Dubai,2020-02-18,1667.5190461192294
18,390.0,Norwegian,False,Dubai,2020-02-25,1667.5190461192294
19,371.0,Norwegian,False,Dubai,2020-03-03,1667.5190461192294
20,990.0,Emirates,True,Dubai,2020-03-03,1667.5190461192294
21,989.0,Emirates,True,Dubai,2020-03-10,1667.5190461192294
22,391.0,Norwegian,False,Dubai,2020-03-10,1667.5190461192294
23,391.0,Norwegian,False,Dubai,2020-03-17,1667.5190461192294
24,983.0,Emirates,True,Dubai,2020-03-17,1667.5190461192294
25,548.0,Air China,False,Dubai,2020-03-24,1667.5190461192294
26,987.0,Emirates,True,Dubai,2020-03-31,1667.5190461192294
27,431.0,Norwegian,False,Dubai,2020-03-31,1667.5190461192294
28,473.0,Air China,False,Dubai,2020-04-07,1667.5190461192294
29,899.0,Emirates,True,Dubai,2020-04-07,1667.5190461192294
30,539.0,Air China,False,Dubai,2020-04-21,1667.5190461192294
31,1200.0,China Southern,False,Dubai,2020-04-28,1667.5190461192294
32,456.0,Norwegian,False,Dubai,2020-05-05,1667.5190461192294
33,956.0,Emirates,True,Dubai,2020-05-12,1667.5190461192294
34,449.0,Norwegian,False,Dubai,2020-05-12,1667.5190461192294
35,2807.0,Air France,False,Dubai,2020-05-26,1667.5190461192294
36,523.0,Norwegian,False,Dubai,2020-06-09,1667.5190461192294
37,583.0,Aeroflot,False,Dubai,2020-06-16,1667.5190461192294
38,956.0,Emirates,True,Dubai,2020-06-16,1667.5190461192294
39,576.0,Norwegian,False,Dubai,2020-06-23,1667.5190461192294
40,955.0,Emirates,True,Dubai,2020-06-23,1667.5190461192294
41,2807.0,Air France,False,Dubai,2020-06-30,1667.5190461192294
42,1422.0,SWISS,False,Dubai,2020-07-07,1667.5190461192294
43,809.0,Turkish Airlines,False,Dubai,2020-07-14,1667.5190461192294
44,580.0,Norwegian,False,Dubai,2020-07-21,1667.5190461192294
45,971.0,Emirates,True,Dubai,2020-07-21,1667.5190461192294
46,970.0,Emirates,True,Dubai,2020-08-25,1667.5190461192294
47,609.0,Norwegian,False,Dubai,2020-08-25,1667.5190461192294
48,2791.0,Air France,False,Dubai,2020-09-08,1667.5190461192294
49,2787.0,KLM,False,Dubai,2020-09-15,1667.5190461192294
50,485.0,Aeroflot,False,Dubai,2020-10-13,1667.5190461192294
51,955.0,Emirates,True,Dubai,2020-10-13,1667.5190461192294
52,956.0,Emirates,True,Dubai,2020-10-20,347.44422030772836
53,483.0,Aeroflot,False,Dubai,2020-10-20,347.44422030772836
54,968.0,Emirates,True,Dubai,2020-11-03,347.44422030772836
55,626.0,SWISS,False,Dubai,2020-11-03,347.44422030772836
56,618.0,China Eastern,False,Dubai,2020-11-17,347.44422030772836
57,2807.0,Air France,False,Dubai,2020-11-24,347.44422030772836
58,1036.0,Emirates,True,Dubai,2020-12-01,696.4604572756588
0,861.0,Aer Lingus,False,London,2019-12-17,1667.5190461192294
1,1372.0,Air New Zealand,True,London,2019-12-17,1667.5190461192294
2,562.0,Finnair,True,London,2019-12-24,1667.5190461192294
3,433.0,Air New Zealand,False,London,2019-12-24,1667.5190461192294
4,402.0,Finnair,True,London,2019-12-31,1667.5190461192294
5,321.0,Air France,True,London,2020-01-07,1667.5190461192294
6,274.0,Air France,False,London,2020-01-07,1667.5190461192294
7,281.0,KLM,True,London,2020-01-14,1667.5190461192294
8,208.0,Air France,False,London,2020-01-14,1667.5190461192294
9,176.0,Air New Zealand,True,London,2020-01-21,1667.5190461192294
10,164.0,Air France,True,London,2020-01-28,1667.5190461192294
11,310.0,Singapore Airlines,True,London,2020-02-04,1667.5190461192294
12,164.0,Air France,True,London,2020-02-11,1667.5190461192294
13,164.0,KLM,True,London,2020-02-18,1667.5190461192294
14,164.0,KLM,True,London,2020-02-25,1667.5190461192294
15,164.0,KLM,True,London,2020-03-03,1667.5190461192294
16,164.0,Air France,True,London,2020-03-10,1667.5190461192294
17,164.0,Air France,True,London,2020-03-17,1667.5190461192294
18,164.0,Air France,True,London,2020-03-24,1667.5190461192294
19,183.0,Singapore Airlines,True,London,2020-03-31,1667.5190461192294
20,301.0,Air France,True,London,2020-04-07,1667.5190461192294
21,1581.0,British Airways,True,London,2020-11-10,1667.5190461192294
22,695.0,Turkish Airlines,False,London,2020-11-10,1667.5190461192294
23,715.0,Turkish Airlines,False,London,2020-11-17,1667.5190461192294
24,1580.0,British Airways,True,London,2020-11-17,1667.5190461192294
25,1216.0,LOT,False,London,2020-11-24,1667.5190461192294
0,810.0,Malaysia Airlines,False,Shanghai,2019-12-17,1667.5190461192294
1,969.0,Air China,True,Shanghai,2019-12-17,1667.5190461192294
2,481.0,Japan Airlines,False,Shanghai,2019-12-24,1667.5190461192294
3,701.0,China Southern,True,Shanghai,2019-12-24,1667.5190461192294
4,468.0,Air China,True,Shanghai,2019-12-31,1667.5190461192294
5,320.0,Sichuan Airlines,False,Shanghai,2019-12-31,1667.5190461192294
6,252.0,Sichuan Airlines,False,Shanghai,2020-01-07,1667.5190461192294
7,374.0,United,True,Shanghai,2020-01-07,1667.5190461192294
8,374.0,United,True,Shanghai,2020-01-14,1667.5190461192294
9,240.0,Sichuan Airlines,False,Shanghai,2020-01-14,1667.5190461192294
10,369.0,Air China,True,Shanghai,2020-01-21,1667.5190461192294
11,250.0,Sichuan Airlines,False,Shanghai,2020-01-21,1667.5190461192294
12,547.0,China Eastern,True,Shanghai,2020-01-28,1667.5190461192294
13,351.0,Hainan Airlines,False,Shanghai,2020-01-28,1667.5190461192294
14,373.0,China Southern,True,Shanghai,2020-02-04,1667.5190461192294
15,251.0,Sichuan Airlines,False,Shanghai,2020-02-11,1667.5190461192294
16,372.0,China Southern,True,Shanghai,2020-02-11,1667.5190461192294
17,458.0,United,True,Shanghai,2020-02-18,1667.5190461192294
18,241.0,Sichuan Airlines,False,Shanghai,2020-02-18,1667.5190461192294
19,241.0,Sichuan Airlines,False,Shanghai,2020-02-25,1667.5190461192294
20,349.0,Air China,True,Shanghai,2020-02-25,1667.5190461192294
21,239.0,Sichuan Airlines,False,Shanghai,2020-03-03,1667.5190461192294
22,248.0,United,True,Shanghai,2020-03-03,1667.5190461192294
23,357.0,Japan Airlines,False,Shanghai,2020-03-10,1667.5190461192294
24,484.0,United,True,Shanghai,2020-03-10,1667.5190461192294
25,239.0,Sichuan Airlines,False,Shanghai,2020-03-17,1667.5190461192294
26,250.0,United,True,Shanghai,2020-03-17,1667.5190461192294
27,244.0,Air China,True,Shanghai,2020-03-24,1667.5190461192294
28,241.0,Air China,False,Shanghai,2020-03-24,1667.5190461192294
29,305.0,Air China,True,Shanghai,2020-03-31,1667.5190461192294
30,241.0,Sichuan Airlines,False,Shanghai,2020-03-31,1667.5190461192294
31,240.0,Sichuan Airlines,False,Shanghai,2020-04-14,1667.5190461192294
32,245.0,Air China,True,Shanghai,2020-04-14,1667.5190461192294
33,3865.0,Lufthansa,False,Shanghai,2020-04-28,1667.5190461192294
34,245.0,Air China,True,Shanghai,2020-05-05,1667.5190461192294
35,241.0,Sichuan Airlines,False,Shanghai,2020-05-05,1667.5190461192294
36,619.0,China Eastern,True,Shanghai,2020-05-12,1667.5190461192294
37,406.0,Hainan Airlines,False,Shanghai,2020-05-12,1667.5190461192294
38,488.0,United,True,Shanghai,2020-05-26,1667.5190461192294
39,395.0,United,False,Shanghai,2020-05-26,1667.5190461192294
40,394.0,United,False,Shanghai,2020-06-02,1667.5190461192294
41,492.0,United,True,Shanghai,2020-06-02,1667.5190461192294
42,388.0,China Southern,True,Shanghai,2020-06-16,1667.5190461192294
43,424.0,Japan Airlines,False,Shanghai,2020-06-23,1667.5190461192294
44,393.0,United,True,Shanghai,2020-06-30,1667.5190461192294
45,373.0,China Southern,True,Shanghai,2020-07-07,1667.5190461192294
46,413.0,Hainan Airlines,False,Shanghai,2020-07-14,1667.5190461192294
47,406.0,Hainan Airlines,False,Shanghai,2020-07-21,1667.5190461192294
48,387.0,China Southern,True,Shanghai,2020-08-04,1667.5190461192294
49,387.0,China Southern,True,Shanghai,2020-08-11,1667.5190461192294
50,377.0,United,True,Shanghai,2020-08-18,1667.5190461192294
51,339.0,Air China,False,Shanghai,2020-09-01,1667.5190461192294
52,341.0,Air China,True,Shanghai,2020-09-01,347.44422030772836
53,375.0,Hainan Airlines,False,Shanghai,2020-09-29,347.44422030772836
54,1538.0,China Eastern,True,Shanghai,2020-10-06,347.44422030772836
55,439.0,Japan Airlines,False,Shanghai,2020-10-06,347.44422030772836
56,375.0,Hainan Airlines,False,Shanghai,2020-10-13,347.44422030772836
57,391.0,United,True,Shanghai,2020-10-20,347.44422030772836
58,367.0,Japan Airlines,False,Shanghai,2020-11-10,696.4604572756588
0,667.0,Asiana Airlines,False,Hong Kong,2019-12-17,1667.5190461192294
1,911.0,Cathay Pacific,True,Hong Kong,2019-12-17,1667.5190461192294
2,710.0,Cathay Pacific,True,Hong Kong,2019-12-24,1667.5190461192294
3,652.0,United,False,Hong Kong,2019-12-24,1667.5190461192294
4,402.0,Korean Air,False,Hong Kong,2019-12-31,1667.5190461192294
5,710.0,Cathay Pacific,True,Hong Kong,2019-12-31,1667.5190461192294
6,316.0,United,False,Hong Kong,2020-01-07,1667.5190461192294
7,589.0,Cathay Pacific,True,Hong Kong,2020-01-07,1667.5190461192294
8,504.0,British Airways,True,Hong Kong,2020-01-14,1667.5190461192294
9,339.0,Alaska Airlines,False,Hong Kong,2020-01-14,1667.5190461192294
10,336.0,Cathay Pacific,True,Hong Kong,2020-01-21,1667.5190461192294
11,341.0,United,False,Hong Kong,2020-01-28,1667.5190461192294
12,502.0,Cathay Pacific,True,Hong Kong,2020-01-28,1667.5190461192294
13,477.0,Cathay Pacific,True,Hong Kong,2020-02-04,1667.5190461192294
14,339.0,Air China,False,Hong Kong,2020-02-04,1667.5190461192294
15,347.0,United,False,Hong Kong,2020-02-11,1667.5190461192294
16,617.0,Cathay Pacific,True,Hong Kong,2020-02-11,1667.5190461192294
17,315.0,Air China,False,Hong Kong,2020-02-18,1667.5190461192294
18,337.0,Cathay Pacific,True,Hong Kong,2020-02-18,1667.5190461192294
19,557.0,Cathay Pacific,True,Hong Kong,2020-02-25,1667.5190461192294
20,341.0,United,False,Hong Kong,2020-02-25,1667.5190461192294
21,613.0,Cathay Pacific,True,Hong Kong,2020-03-03,1667.5190461192294
22,337.0,Air China,False,Hong Kong,2020-03-03,1667.5190461192294
23,583.0,Cathay Pacific,True,Hong Kong,2020-03-10,1667.5190461192294
24,394.0,Air China,False,Hong Kong,2020-03-10,1667.5190461192294
25,317.0,Air China,False,Hong Kong,2020-03-17,1667.5190461192294
26,612.0,Cathay Pacific,True,Hong Kong,2020-03-17,1667.5190461192294
27,337.0,Cathay Pacific,True,Hong Kong,2020-03-24,1667.5190461192294
28,315.0,Air China,False,Hong Kong,2020-03-24,1667.5190461192294
29,507.0,British Airways,True,Hong Kong,2020-03-31,1667.5190461192294
30,317.0,Air China,False,Hong Kong,2020-03-31,1667.5190461192294
31,341.0,United,False,Hong Kong,2020-04-07,1667.5190461192294
32,573.0,Cathay Pacific,True,Hong Kong,2020-04-14,1667.5190461192294
33,338.0,United,False,Hong Kong,2020-04-14,1667.5190461192294
34,571.0,Cathay Pacific,True,Hong Kong,2020-04-21,1667.5190461192294
35,341.0,United,False,Hong Kong,2020-04-21,1667.5190461192294
36,507.0,British Airways,True,Hong Kong,2020-04-28,1667.5190461192294
37,317.0,Air China,False,Hong Kong,2020-04-28,1667.5190461192294
38,363.0,British Airways,True,Hong Kong,2020-05-05,1667.5190461192294
39,341.0,United,False,Hong Kong,2020-05-05,1667.5190461192294
40,348.0,United,False,Hong Kong,2020-05-12,1667.5190461192294
41,616.0,Cathay Pacific,True,Hong Kong,2020-05-12,1667.5190461192294
42,504.0,British Airways,True,Hong Kong,2020-05-19,1667.5190461192294
43,347.0,Japan Airlines,False,Hong Kong,2020-05-19,1667.5190461192294
44,800.0,Cathay Pacific,True,Hong Kong,2020-06-02,1667.5190461192294
45,353.0,United,False,Hong Kong,2020-06-02,1667.5190461192294
46,537.0,Cathay Pacific,True,Hong Kong,2020-06-09,1667.5190461192294
47,342.0,ANA,False,Hong Kong,2020-06-09,1667.5190461192294
48,540.0,Cathay Pacific,True,Hong Kong,2020-06-16,1667.5190461192294
49,343.0,ANA,False,Hong Kong,2020-06-16,1667.5190461192294
50,358.0,Japan Airlines,False,Hong Kong,2020-06-30,1667.5190461192294
51,480.0,Cathay Pacific,True,Hong Kong,2020-06-30,1667.5190461192294
52,336.0,Cathay Pacific,True,Hong Kong,2020-07-07,347.44422030772836
53,870.0,Cathay Pacific,True,Hong Kong,2020-07-14,347.44422030772836
54,746.0,ANA,False,Hong Kong,2020-07-14,347.44422030772836
55,807.0,Cathay Pacific,True,Hong Kong,2020-07-21,347.44422030772836
56,342.0,United,False,Hong Kong,2020-07-21,347.44422030772836
57,337.0,Cathay Pacific,True,Hong Kong,2020-08-18,347.44422030772836
58,615.0,Cathay Pacific,True,Hong Kong,2020-08-25,696.4604572756588
59,342.0,United,False,Hong Kong,2020-08-25,696.4604572756588
60,343.0,United,False,Hong Kong,2020-09-01,696.4604572756588
61,619.0,Cathay Pacific,True,Hong Kong,2020-09-01,696.4604572756588
62,618.0,Cathay Pacific,True,Hong Kong,2020-09-08,696.4604572756588
63,355.0,United,False,Hong Kong,2020-09-08,1997.6542640094406
64,610.0,ANA,False,Hong Kong,2020-09-22,1997.6542640094406
65,610.0,ANA,False,Hong Kong,2020-09-22,1997.6542640094406
66,616.0,Cathay Pacific,True,Hong Kong,2020-10-13,1997.6542640094406
67,348.0,United,False,Hong Kong,2020-10-13,1997.6542640094406
0,491.0,Norwegian,True,Paris,2019-12-17,1667.5190461192294
1,405.0,Norwegian,True,Paris,2019-12-24,1667.5190461192294
2,253.0,Norwegian,True,Paris,2020-01-07,1667.5190461192294
3,632.0,Air France,True,Paris,2020-01-14,1667.5190461192294
4,253.0,Norwegian,False,Paris,2020-01-14,1667.5190461192294
5,1654.0,Air France,True,Paris,2020-01-21,1667.5190461192294
6,228.0,Norwegian,False,Paris,2020-01-21,1667.5190461192294
7,632.0,Air France,True,Paris,2020-01-28,1667.5190461192294
8,226.0,Norwegian,False,Paris,2020-01-28,1667.5190461192294
9,629.0,Air France,True,Paris,2020-02-04,1667.5190461192294
10,227.0,Norwegian,False,Paris,2020-02-04,1667.5190461192294
11,239.0,Norwegian,False,Paris,2020-02-11,1667.5190461192294
12,632.0,Air France,True,Paris,2020-02-11,1667.5190461192294
13,164.0,Norwegian,True,Paris,2020-02-18,1667.5190461192294
14,164.0,Norwegian,True,Paris,2020-02-25,1667.5190461192294
15,164.0,Norwegian,True,Paris,2020-03-03,1667.5190461192294
16,164.0,Norwegian,True,Paris,2020-03-10,1667.5190461192294
17,164.0,Norwegian,True,Paris,2020-03-17,1667.5190461192294
18,164.0,Norwegian,True,Paris,2020-03-24,1667.5190461192294
19,235.0,Norwegian,False,Paris,2020-03-31,1667.5190461192294
20,262.0,Norwegian,True,Paris,2020-03-31,1667.5190461192294
21,275.0,Norwegian,True,Paris,2020-04-14,1667.5190461192294
22,226.0,Norwegian,True,Paris,2020-04-21,1667.5190461192294
23,206.0,Norwegian,True,Paris,2020-04-28,1667.5190461192294
24,208.0,Norwegian,True,Paris,2020-05-05,1667.5190461192294
25,208.0,Norwegian,True,Paris,2020-05-12,1667.5190461192294
26,232.0,Norwegian,True,Paris,2020-05-19,1667.5190461192294
27,241.0,Norwegian,True,Paris,2020-05-26,1667.5190461192294
28,302.0,Norwegian,True,Paris,2020-06-02,1667.5190461192294
29,241.0,Norwegian,True,Paris,2020-06-09,1667.5190461192294
30,329.0,Norwegian,True,Paris,2020-06-16,1667.5190461192294
31,297.0,Norwegian,True,Paris,2020-06-23,1667.5190461192294
32,241.0,Norwegian,True,Paris,2020-06-30,1667.5190461192294
33,211.0,Norwegian,True,Paris,2020-07-07,1667.5190461192294
34,208.0,Norwegian,True,Paris,2020-07-14,1667.5190461192294
35,208.0,Norwegian,True,Paris,2020-07-21,1667.5190461192294
36,208.0,Norwegian,True,Paris,2020-07-28,1667.5190461192294
37,300.0,Norwegian,True,Paris,2020-08-04,1667.5190461192294
38,320.0,Norwegian,True,Paris,2020-08-11,1667.5190461192294
39,311.0,Norwegian,True,Paris,2020-08-18,1667.5190461192294
40,332.0,Norwegian,True,Paris,2020-08-25,1667.5190461192294
41,250.0,Norwegian,True,Paris,2020-09-01,1667.5190461192294
42,210.0,Norwegian,True,Paris,2020-09-08,1667.5190461192294
43,186.0,Norwegian,True,Paris,2020-09-15,1667.5190461192294
44,284.0,Norwegian,False,Paris,2020-09-22,1667.5190461192294
45,504.0,Air France,True,Paris,2020-09-22,1667.5190461192294
46,504.0,Air France,True,Paris,2020-09-22,1667.5190461192294
47,284.0,Norwegian,False,Paris,2020-09-22,1667.5190461192294
48,184.0,Norwegian,True,Paris,2020-09-29,1667.5190461192294
49,262.0,Norwegian,True,Paris,2020-10-06,1667.5190461192294
50,203.0,Norwegian,True,Paris,2020-10-13,1667.5190461192294
51,742.0,Turkish Airlines,False,Paris,2020-10-20,1667.5190461192294
52,3074.0,Air France,True,Paris,2020-10-20,347.44422030772836
53,725.0,Turkish Airlines,False,Paris,2020-10-27,347.44422030772836
54,416.0,Finnair,False,Paris,2020-11-17,347.44422030772836
55,584.0,Air France,True,Paris,2020-11-17,347.44422030772836
56,1067.0,LOT,False,Paris,2020-11-24,347.44422030772836
0,3108.0,KLM,True,Amsterdam,2019-12-17,1667.5190461192294
1,592.0,Finnair,False,Amsterdam,2019-12-17,1667.5190461192294
2,496.0,Alaska Airlines,False,Amsterdam,2019-12-24,1667.5190461192294
3,3120.0,KLM,True,Amsterdam,2019-12-24,1667.5190461192294
4,3090.0,KLM,True,Amsterdam,2019-12-31,1667.5190461192294
5,414.0,Norwegian,False,Amsterdam,2019-12-31,1667.5190461192294
6,3070.0,KLM,True,Amsterdam,2020-01-07,1667.5190461192294
7,312.0,Frontier Airlines,False,Amsterdam,2020-01-07,1667.5190461192294
8,774.0,KLM,True,Amsterdam,2020-01-14,1667.5190461192294
9,249.0,Norwegian,False,Amsterdam,2020-01-14,1667.5190461192294
10,229.0,Norwegian,False,Amsterdam,2020-01-21,1667.5190461192294
11,3146.0,KLM,True,Amsterdam,2020-01-21,1667.5190461192294
12,231.0,Norwegian,False,Amsterdam,2020-01-28,1667.5190461192294
13,1105.0,KLM,True,Amsterdam,2020-01-28,1667.5190461192294
14,226.0,Norwegian,False,Amsterdam,2020-02-04,1667.5190461192294
15,1069.0,KLM,True,Amsterdam,2020-02-04,1667.5190461192294
16,1095.0,KLM,True,Amsterdam,2020-02-11,1667.5190461192294
17,227.0,Norwegian,False,Amsterdam,2020-02-11,1667.5190461192294
18,229.0,Norwegian,False,Amsterdam,2020-02-18,1667.5190461192294
19,1092.0,KLM,True,Amsterdam,2020-02-18,1667.5190461192294
20,461.0,Condor,False,Amsterdam,2020-02-25,1667.5190461192294
21,1109.0,KLM,True,Amsterdam,2020-03-03,1667.5190461192294
22,227.0,Norwegian,False,Amsterdam,2020-03-03,1667.5190461192294
23,1071.0,KLM,True,Amsterdam,2020-03-10,1667.5190461192294
24,250.0,Norwegian,False,Amsterdam,2020-03-10,1667.5190461192294
25,231.0,Norwegian,False,Amsterdam,2020-03-17,1667.5190461192294
26,1103.0,KLM,True,Amsterdam,2020-03-17,1667.5190461192294
27,233.0,Norwegian,False,Amsterdam,2020-03-24,1667.5190461192294
28,820.0,Alitalia,True,Amsterdam,2020-03-24,1667.5190461192294
29,223.0,Norwegian,False,Amsterdam,2020-03-31,1667.5190461192294
30,1199.0,KLM,True,Amsterdam,2020-03-31,1667.5190461192294
31,980.0,KLM,True,Amsterdam,2020-04-07,1667.5190461192294
32,279.0,Norwegian,False,Amsterdam,2020-04-07,1667.5190461192294
33,1146.0,KLM,True,Amsterdam,2020-04-14,1667.5190461192294
34,307.0,Norwegian,False,Amsterdam,2020-04-14,1667.5190461192294
35,1023.0,Alitalia,True,Amsterdam,2020-04-21,1667.5190461192294
36,267.0,Norwegian,False,Amsterdam,2020-04-21,1667.5190461192294
